"区域编码","区域","页码","课程ID","课程名称","教学点","培训机构","课程教材"
"130000","河北省","1","5572a5cf727e4dcdb2a5cf727e3dcdf0","日语培训","河北省石家庄市新华区中华北大街210号高柱大厦728、729","石家庄市新华区词韵培训学校有限公司","新编日语教程1"
"130000","河北省","1","ca3e9138A4H2qFU9S4Pg0F26x3GF00et","高中日语","春辉教育（先天下校区）","石家庄市长安区东风春辉文化艺术培训学校","标准日本语"
"130000","河北省","1","C76d625M9T3ZhX59k07plt5H03c80902","日语体验班","河北省石家庄市新华区中华北大街210号高柱大厦728、729","石家庄市新华区词韵培训学校有限公司","人教版日语七年级"
"130000","河北省","1","d06221353nl37d670Zv3BbU9xi5K9nY7","日语周末班","春辉教育（先天下校区）","石家庄市长安区东风春辉文化艺术培训学校","--"
"130000","河北省","1","P450YiEN0269yLu1j575gv4g16P5ai6F","高中日语","春辉教育（先天下校区）","石家庄市长安区东风春辉文化艺术培训学校","--"
"130000","河北省","1","Jo94x1f14074vk8hE915q114ZGox0b2a","人教日语","河北省石家庄市新华区中华北大街210号高柱大厦728、729","石家庄市新华区词韵培训学校有限公司","--"
"130000","河北省","1","rQ96BYL6P9589221h3a266abbBDWJ38F","文化课全托班","石家庄市长安区知行文化艺术培训学校","石家庄市长安区知行文化培训学校","新版中日交流标准日本语 第二版"
"130000","河北省","1","Y2E31s6H5R08Rz951X930Q9q01sv6c76","日语","春辉教育（先天下校区）","石家庄市长安区东风春辉文化艺术培训学校","--"
"140000","山西省","1","5cac146bba9d4911ac146bba9db91182","日语初级","长治市潞州区慧师启航培训学校有限责任公司","长治市潞州区慧师启航培训学校有限责任公司","--"
"140000","山西省","1","heWs2555ur5ns1R9zu3391j6x8p47X70","日语","晋中市榆次区育才培训学校","晋中市榆次区育才培训学校","--"
"140000","山西省","1","bb8bb06191064cfc8bb06191066cfcd3","日语","晋中市榆次区育才培训学校","晋中市榆次区育才培训学校","标准日本语中级"
"210000","辽宁省","1","70af90e613394ddaaf90e61339bdda78","日语","沈阳市浑南区浦江教育培训中心","沈阳市浑南区浦江教育培训中心","--"
"210000","辽宁省","1","26da0fc27954b845e80c4ad8f895a28b","日语1班","沈阳市浑南区浦江教育培训中心","沈阳市浑南区浦江教育培训中心","中日交流标准日本语"
"210000","辽宁省","1","7be97c3bf4756c242b8b542d0d578aa8","高中日语","沈阳市浑南区浦江教育培训中心","沈阳市浑南区浦江教育培训中心","--"
"220000","吉林省","1","A4979CMT69R56UeQ36P84wD318O8PYf6","高三日语初级（下）","长春市朝阳区起点培训学校","长春市朝阳区起点培训学校","标准日本语初级（下）"
"220000","吉林省","1","Dw4u40Pdy0mvXeTekw02Gwa4bPc1Ndl9","高三日语初级（上）","长春市朝阳区起点培训学校","长春市朝阳区起点培训学校","标准日本语初级（上）"
"220000","吉林省","1","bHc26zK18c4Z0VRP74234k6U07966938","高三日语初级（下）","长春市朝阳区起点培训学校","长春市朝阳区起点培训学校","--"
"220000","吉林省","1","A56760WYRo385OD30sD28xv408U81a98","高三日语初级（下）","长春市朝阳区起点培训学校","长春市朝阳区起点培训学校","--"
"220000","吉林省","1","F7v52BNo3w0383zo90QJEvR9Ai751n4d","高二日语初级（上）","长春市朝阳区起点培训学校","长春市朝阳区起点培训学校","--"
"220000","吉林省","1","fW804A41Qev1y2w171t1FbtG0lY9E45E","高二日语初级（上）","长春市朝阳区起点培训学校","长春市朝阳区起点培训学校","--"
"220000","吉林省","1","hRXoXHvz47NBp9cT84c6363m867JF1h0","高二日语初级（上）","长春市朝阳区起点培训学校","长春市朝阳区起点培训学校","--"
"220000","吉林省","1","H14q0w5RO8909jw7NW64TY52S6J8hFT7","高二日语初级（上）","长春市朝阳区起点培训学校","长春市朝阳区起点培训学校","--"
"220000","吉林省","1","h2O4oh8Kjd6rBA86Gi0J440T32rCrSJX","高三日语初级（下）","长春市朝阳区起点培训学校","长春市朝阳区起点培训学校","--"
"220000","吉林省","1","LHH819rP6deZnb95Lq41Wa8U2vKupt2j","高三日语初级（下）","长春市朝阳区起点培训学校","长春市朝阳区起点培训学校","--"
"220000","吉林省","2","p40Qe1a39bY59497457h7507k20Y1vbM","高二日语初级（上）","长春市朝阳区起点培训学校","长春市朝阳区起点培训学校","--"
"220000","吉林省","2","o066gNUy3500mL1RE4kutNU5dR0au9kH","高二日语初级（上）","长春市朝阳区起点培训学校","长春市朝阳区起点培训学校","--"
"220000","吉林省","2","j58d55o65H74R0ZCh1x94063W4b5c3dx","高三日语初级（下）","长春市朝阳区起点培训学校","长春市朝阳区起点培训学校","标准日本语初级（下）"
"220000","吉林省","2","iN1FvO276T7hs6iY3pt9B75454A513R9","高二日语初级（上）","长春市朝阳区起点培训学校","长春市朝阳区起点培训学校","标准日本语初级（上）"
"220000","吉林省","2","K92I5i6D9174BnXKwrm9W17Vjb6I7183","高三日语初级（下）","长春市朝阳区起点培训学校","长春市朝阳区起点培训学校","--"
"220000","吉林省","2","jo0j29nSeqgDIn172qk7by3Ek1j094UW","高二日语初级（上）","长春市朝阳区起点培训学校","长春市朝阳区起点培训学校","--"
"220000","吉林省","2","uJlwAvg48947P3386Rg3vJRni713u407","高三日语初级（下）","长春市朝阳区起点培训学校","长春市朝阳区起点培训学校","--"
"220000","吉林省","2","U341c7Fy1ccS8X1p26IEMN50BR5y6DG8","高三日语初级（下）","长春市朝阳区起点培训学校","长春市朝阳区起点培训学校","--"
"220000","吉林省","2","rKbO4Wye6Sc48WG732m8qG75BA395Z8s","高二日语初级（上）","长春市朝阳区起点培训学校","长春市朝阳区起点培训学校","--"
"220000","吉林省","2","PO9pImT6Xr08xS48V31l0601a0utu370","高三日语初级（上）","长春市朝阳区起点培训学校","长春市朝阳区起点培训学校","--"
"220000","吉林省","3","pPY4123P2CqWSx01U0ed26919mP03757","高二日语初级（上）","长春市朝阳区起点培训学校","长春市朝阳区起点培训学校","--"
"220000","吉林省","3","f9R0648zjC9xfNNlsja5329u42Lp7Xh5","高二日语初级（上）","长春市朝阳区起点培训学校","长春市朝阳区起点培训学校","标准日本语初级（上）"
"220000","吉林省","3","nA8A0qx87AL9hjH6tey897dwyXirHE3q","高三日语初级（下）","长春市朝阳区起点培训学校","长春市朝阳区起点培训学校","--"
"220000","吉林省","3","n51ym52os70H8004ceO084L1jM46F702","高三日语初级（上）","长春市朝阳区起点培训学校","长春市朝阳区起点培训学校","--"
"220000","吉林省","3","n8a108lbsnq5ZT235w5Mdnl61IZ51d47","高三日语初级（下）","长春市朝阳区起点培训学校","长春市朝阳区起点培训学校","--"
"220000","吉林省","3","w7I2O2yClqSj0x81Y942Kp6gDSo741J3","高三日语初级（下）","长春市朝阳区起点培训学校","长春市朝阳区起点培训学校","--"
"220000","吉林省","3","u1GYNS883tjBS1088V04U86YIbQ8c80I","高二日语初级（上）","长春市朝阳区起点培训学校","长春市朝阳区起点培训学校","--"
"220000","吉林省","3","yE9678X7fCTbjD892pn42O2957l7D3P8","高二日语初级（上）","长春市朝阳区起点培训学校","长春市朝阳区起点培训学校","--"
"220000","吉林省","3","a2ie895jhRu848HJ71M626jFf5DS85vm","高三日语初级（下）","长春市朝阳区起点培训学校","长春市朝阳区起点培训学校","标准日本语初级（下）"
"220000","吉林省","3","X94K5moFV0497q7570c6qk6k9P9cq73z","高二日语初级（上）","长春市朝阳区起点培训学校","长春市朝阳区起点培训学校","--"
"220000","吉林省","4","W100PC142g30B5DjCaZurC57lUY20K0V","高二日语初级","长春市朝阳区起点培训学校","长春市朝阳区起点培训学校","--"
"220000","吉林省","4","Wi8y8tC1M3IgM32H4RO61kLRr0EHy69U","高三日语初级（下）","长春市朝阳区起点培训学校","长春市朝阳区起点培训学校","--"
"220000","吉林省","4","gSP7au68u1dR8e05m8ZnF98z4B3qL66D","高三日语初级（下）","长春市朝阳区起点培训学校","长春市朝阳区起点培训学校","--"
"220000","吉林省","4","Jav5ea1Zty49Og663r4Xi9a555u8l896","高二日语初级（上）","长春市朝阳区起点培训学校","长春市朝阳区起点培训学校","--"
"220000","吉林省","4","BGO45e4074KMk0se44va22lP684192x1","高二日语初级（上）","长春市朝阳区起点培训学校","长春市朝阳区起点培训学校","标准日本语初级（上）"
"220000","吉林省","4","aht97rN1ujJ8W1J1504Esa9A6Y37OB7L","高三日语初级（下）","长春市朝阳区起点培训学校","长春市朝阳区起点培训学校","标准日本语初级（下）"
"220000","吉林省","4","z9tQ90S64pC1T3Dg6wM4p1a8tK152A63","高二日语初级（上）","长春市朝阳区起点培训学校","长春市朝阳区起点培训学校","--"
"220000","吉林省","4","XE5H19r3n9Z3q4C6t461f2BB911qt62H","高三日语初级（下）","长春市朝阳区起点培训学校","长春市朝阳区起点培训学校","--"
"220000","吉林省","4","w2EhJh3HXYW543WJNs77QGXw9H6q1P7R","高三日语初级（下）","长春市朝阳区起点培训学校","长春市朝阳区起点培训学校","--"
"220000","吉林省","4","nl86p1544I022E77wRQ4t4C3N896Qgpc","高三日语初级（下）","长春市朝阳区起点培训学校","长春市朝阳区起点培训学校","--"
"310000","上海市","1","31000000_8e50e9b6-c374-4394-90b0-8f037d5c07ad","日语","上海徐汇区巧易思进修学校","上海徐汇区巧易思进修学校","标准日本语"
"310000","上海市","1","buy3Z0xa765xm78I4gvUg2XE0f8Co332","高中日语","上海博世凯进修学院","上海博世凯进修学院","--"
"310000","上海市","1","BO452tyBO8P4ed639kL5K3JdJ747pn3m","高中日语2","上海博世凯进修学院","上海博世凯进修学院","日语必修第一册"
"310000","上海市","1","H4HCC6S92096J88dRy78RY585a6IDO37","日语初级","上海徐汇区巧易思进修学校","上海徐汇区巧易思进修学校","--"
"310000","上海市","1","C919Mu1oo3w59xG7uLZ8W426V5o3vOms","高中日语1","上海博世凯进修学院","上海博世凯进修学院","--"
"310000","上海市","1","OH5wSNzcs4g85Gm1S1125KVIH4G1E030","高中日语","上海博世凯进修学院","上海博世凯进修学院","--"
"310000","上海市","1","obz2h2GQ9oyKg9O67R7849KdO12l921K","高中日语1","上海博世凯进修学院","上海博世凯进修学院","日语必修第二册"
"310000","上海市","1","f7753K6vf23T8Wxz587M2P753AI696me","日语一班","上海浦东新区常青进修学校","上海浦东新区常青进修学校","日语"
"310000","上海市","1","T793F607D7WxoiTl91A20o33Q5FYq77g","高中日语1","上海博世凯进修学院","上海博世凯进修学院","--"
"310000","上海市","1","V457A855910v0m10423q5F923a98V806","高中日语1","上海博世凯进修学院","上海博世凯进修学院","--"
"310000","上海市","2","w09ca4H84P5UI1207VJWbLzp84tb275Q","日语1班","上海浦东新区常青进修学校","上海浦东新区常青进修学校","日语"
"310000","上海市","2","wxK2baTx666SAwkHso53Fr83kn71Cx70","日语","上海浦东新区常青进修学校","上海浦东新区常青进修学校","--"
"310000","上海市","2","xNi0758qRD880371Q07vVMf45aI6Z2r1","日语","上海浦东新区常青进修学校","上海浦东新区常青进修学校","--"
"310000","上海市","2","p35V5FppG2ZW7c01W5s0N043425hm0Zo","高中日语","上海博世凯进修学院","上海博世凯进修学院","日语必修第一册"
"310000","上海市","2","w69l5b226818C3A3P67So9T9g8E43M64","高中日语","上海博世凯进修学院","上海博世凯进修学院","--"
"310000","上海市","2","bz6gM8OmJ96ZJ1n5EF3988QxKt91Z704","高中日语","上海博世凯进修学院","上海博世凯进修学院","--"
"320000","江苏省","1","o811cQkBb1xW88R9Z8E6Rd05Np4U9l51","推荐日语","1111","如东昂蕾教育培训有限公司","超级少儿英文演讲家"
"340000","安徽省","1","E35a8c49843y0cnQKnScTiVxVks4N091","日语教程","枞阳湖畔教育培训学校有限责任公司","枞阳湖畔教育培训学校有限责任公司","日语教材"
"340000","安徽省","1","941f8c9ee318486f9f8c9ee318286fe8","日语教程","枞阳湖畔教育培训学校有限责任公司","枞阳湖畔教育培训学校有限责任公司","日语教程"
"340000","安徽省","1","wH18iF7K146g6591S3s515R3se361M23","日语教程","枞阳湖畔教育培训学校有限责任公司","枞阳湖畔教育培训学校有限责任公司","--"
"340000","安徽省","1","Z48h8v6F73RW97V2JJmOoat01B6d8Ra7","日语教程","枞阳湖畔教育培训学校有限责任公司","枞阳湖畔教育培训学校有限责任公司","--"
"340000","安徽省","1","Uq4WrO493F5B287P0Yi8Wn6y8sA8aB45","25年高考日语冬季1班","六安市裕安区星空教育培训学校","六安市裕安区星空教育培训学校","--"
"340000","安徽省","1","N58oL29F0E6o7S8x799F2Tj6T76z3266","高考日语","六安市裕安区星空教育培训学校","六安市裕安区星空教育培训学校","日语必修"
"340000","安徽省","1","C5E20HZk61468kBq09D82J8W8gk4kdW4","高二日语","黄山博文教育培训学校","黄山博文教育培训学校","新编日语教程1"
"340000","安徽省","1","F1H1iXIv0707R1ymhqS7N57Tfq5va3Yd","高一日语","芜湖市镜湖区思尔佳教育培训中心有限公司","芜湖市镜湖区思尔佳教育培训中心有限公司","高中日语必修一"
"350000","福建省","1","6a5785694a3e45c39785694a3e05c333","高考日语","漳州市芗城区立兴博翰培训学校","漳州市芗城区立兴博翰培训学校","标准日本语"
"350000","福建省","1","BX0d014N330ujr7I2Z27WuH4238uy163","高二日语","厦门市同安区泛学广思培训学校","厦门市同安区泛学广思培训学校","日语"
"350000","福建省","1","1a25905268c24692a5905268c22692a3","日语入门","福州市仓山区樱花日语培训中心","福州市仓山区樱花日语培训中心","日语教程1"
"350000","福建省","1","cU1f4o4Q6OLe1d4rP9V8O8B5c7cL7w95","高二日语","莆田市涵江区艾迪苍然教育培训中心","莆田市涵江区艾迪苍然教育培训中心","--"
"350000","福建省","1","c91Kr159F26D0mp1Jm131h2QQf586R5x","高三日语","莆田市涵江区艾迪苍然教育培训中心","莆田市涵江区艾迪苍然教育培训中心","--"
"350000","福建省","1","a9fb0433103fb9d5625706e744603d73","高二日语1班","莆田市城厢区智源教育培训中心","莆田市城厢区智源教育培训中心","日语七年级全一册人民教育出版社"
"350000","福建省","1","a7i667h3D5ip0FyBcU1L6uRAT775dZ15","高一日语20250520班","厦门市思明区悦读明智课外培训中心","厦门市思明区悦读明智课外培训中心","新起点日语"
"350000","福建省","1","E1pitSXC8WU33qn15cc2e7440kt1r76v","高三日语","莆田市涵江区艾迪苍然教育培训中心","莆田市涵江区艾迪苍然教育培训中心","--"
"350000","福建省","1","bx3YkpR443h27826682O60u1b923O0L6","日语入门3","福州市仓山区樱花日语培训中心","福州市仓山区樱花日语培训中心","--"
"350000","福建省","1","9a51053b40d94e6391053b40d91e63bc","高二日语","莆田市涵江区艾迪苍然教育培训中心","莆田市涵江区艾迪苍然教育培训中心","新版 中日交流标准日本语 第二版 初级下"
"350000","福建省","2","c4ca274551174c828a274551177c82ea","高中日语","仙游县启航教育培训中心","仙游县启航教育培训中心","标准日本语"
"350000","福建省","2","iWlz9tyU9970q36ai98cP6m92dSX3m35","高二日语班","仙游县启航教育培训中心","仙游县启航教育培训中心","人教版日语"
"350000","福建省","2","K27H3237J2Y5Eb3NFj0hJA20fuO204L0","2024秋季高一日语1班","厦门市同安区泛学广思培训学校","厦门市同安区泛学广思培训学校","日语"
"350000","福建省","2","k7wM8S04z1toJr718413v689e09J2MLC","高二日语B","厦门市思明区悦读明智课外培训中心","厦门市思明区悦读明智课外培训中心","日语必修1"
"350000","福建省","3","m6D27Y5em2Hy34Xbr6I8fn6s7RI4bFgY","2024届高三","仙游县启航教育培训中心","仙游县启航教育培训中心","标准日本语"
"350000","福建省","3","H5743f798y1Ji4y73gTFB7VJB6BL1902","专家局日语培训","福州市仓山区樱花日语培训中心","福州市仓山区樱花日语培训中心","日语教程2"
"350000","福建省","3","NmS0ZfIS914kON5C2kE46u20f051AH1i","日语入门1-2","福州市仓山区樱花日语培训中心","福州市仓山区樱花日语培训中心","--"
"350000","福建省","3","n4ME6979t4244WlHhC7E4374Nz3I8zRk","高二日语20250521班","厦门市思明区悦读明智课外培训中心","厦门市思明区悦读明智课外培训中心","日语必修3"
"350000","福建省","3","m1hT8Nd50QP168L9JotQ3UCe153O3891","日语教程1","福州市仓山区樱花日语培训中心","福州市仓山区樱花日语培训中心","--"
"350000","福建省","3","f7L9r3l2287m8412J5zEL6g91PJG73i5","25届提升班","莆田市城厢区智源教育培训中心","莆田市城厢区智源教育培训中心","新高考日语阅读对策与模拟"
"350000","福建省","3","lcJhf1681CC8DX9YrKSr2amhn2845Sby","日语","厦门市同安区泛学广思培训学校","厦门市同安区泛学广思培训学校","--"
"350000","福建省","3","GA33Rz4NN24M3Fz6oc85T7827z319bu9","24届高三日语1班","莆田市城厢区智源教育培训中心","莆田市城厢区智源教育培训中心","日语选择性必修第二册人民教育出版社"
"350000","福建省","3","JdfKa4X0mj7uugBgCB3i270Bq9aU9SW4","2023秋季高三日语2","厦门市同安区泛学广思培训学校","厦门市同安区泛学广思培训学校","日语"
"350000","福建省","3","G377To132Q0T490pNX2t7n8P4836KJJS","日语入门","福州市仓山区樱花日语培训中心","福州市仓山区樱花日语培训中心","日语教程1"
"350000","福建省","4","Ui8470hllYB0l89yV7N7640743Du3jHW","高三日语","厦门市同安区泛学广思培训学校","厦门市同安区泛学广思培训学校","日语"
"350000","福建省","4","u7gUg6JSP0KQ1q2zPhm7ue24T32t3I8l","高二日语A","厦门市思明区悦读明智课外培训中心","厦门市思明区悦读明智课外培训中心","日语必修1"
"350000","福建省","4","U9Dw6Z5qBI9w175GJ4I4f877b4bwGZsV","高三日语班","仙游县启航教育培训中心","仙游县启航教育培训中心","人教版日语"
"350000","福建省","4","PU6Cs072BGiNm6m98yZ3D4HSpB22Q009","2024秋高一日语","厦门市思明区悦读明智课外培训中心","厦门市思明区悦读明智课外培训中心","新起点日语"
"350000","福建省","4","rnL6G030Ue26kX295yAxev8W7g7tnR81","日语阅读提升","莆田市城厢区智源教育培训中心","莆田市城厢区智源教育培训中心","新高考日语阅读对策与模拟"
"350000","福建省","4","VAub13C331o3i281o1M91k35Eu4V5PMM","高一日语班","仙游县启航教育培训中心","仙游县启航教育培训中心","--"
"350000","福建省","4","T225N9v8X4013wYipd21x1629a0SDE95","高中日语赏析","莆田市城厢区智源教育培训中心","莆田市城厢区智源教育培训中心","新版中日交流标准日本语"
"350000","福建省","4","uVi1EH059Y03ID6wKamRBB5ym5MG9W86","高三日语班","仙游县启航教育培训中心","仙游县启航教育培训中心","--"
"350000","福建省","5","t658972K85Ei75V42h3982k884i71YJe","高三日语2班","莆田市城厢区智源教育培训中心","莆田市城厢区智源教育培训中心","日语必修第三册人民教育出版社"
"350000","福建省","5","u9470244GC73w8496IA99171Kesa4h64","高三日语","莆田市涵江区艾迪苍然教育培训中心","莆田市涵江区艾迪苍然教育培训中心","新版 中日交流标准日本语 第二版 初级下"
"350000","福建省","5","PE85l5274KZ3PRj0nHD71M41t2N2I5YD","高三日语","厦门市同安区泛学广思培训学校","厦门市同安区泛学广思培训学校","日语"
"350000","福建省","6","t53Z2n0R58O0G7274EKF3o7b4925vJsZ","高二日语","莆田市涵江区艾迪苍然教育培训中心","莆田市涵江区艾迪苍然教育培训中心","新版 中日交流标准日本语 第二版 初级下"
"350000","福建省","6","sNNX4e4855V19y6t9Rz2Ep2Q9O8Fo81w","高一日语","厦门市思明区悦读明智课外培训中心","厦门市思明区悦读明智课外培训中心","新起点日语"
"350000","福建省","6","w1cT1B03N8ru8887ER7tjS96154F621f","高二日语","厦门市同安区泛学广思培训学校","厦门市同安区泛学广思培训学校","日语"
"350000","福建省","6","VLd3Uf4WlN2x2CK5r0KQ1A09P19r97rF","高二日语2班","莆田市城厢区智源教育培训中心","莆田市城厢区智源教育培训中心","日语必修第二册人民教育出版社"
"350000","福建省","6","yeN8pEcYQ379SrE891lqC88A4083NS10","小班阅读提升","莆田市城厢区智源教育培训中心","莆田市城厢区智源教育培训中心","新高考日语阅读对策与模拟"
"350000","福建省","6","xeI89j7Z07A2EU25Tgc1B287AX519k53","高二日语班","仙游县启航教育培训中心","仙游县启航教育培训中心","人教版日语"
"350000","福建省","6","W4GFP6v9d0Xo0r40n8K089PCoAtg1852","24届冲刺班","莆田市城厢区智源教育培训中心","莆田市城厢区智源教育培训中心","日语选择性必修第二册人民教育出版社"
"350000","福建省","6","8198d0f698e541e498d0f698e5f1e43c","高三日语","云霄县仁才培训学校","云霄县仁才培训学校","--"
"350000","福建省","6","yn27ZlXV6eN4IL3OXG86pKln1X5a0948","高一日语2班","莆田市城厢区智源教育培训中心","莆田市城厢区智源教育培训中心","日语选择性必修第一册人民教育出版社"
"350000","福建省","7","L9s32284u7aaDlaSC8mR29694v9cMRe9","高三日语秋季（秋）","福州市仓山区人人教育培训学校","福州市仓山区人人教育培训学校","新课标高考日语"
"350000","福建省","7","n54l23t592JbXE1381l241L1N0115544","高三日语课程2","福州市仓山区人人教育培训学校","福州市仓山区人人教育培训学校","--"
"350000","福建省","7","yZU3c119D6P5c9HN67407U4SLJx7B1A0","25届高二日语1班","莆田市城厢区智源教育培训中心","莆田市城厢区智源教育培训中心","日语必修第一册人民教育出版社"
"350000","福建省","7","OVV2mX19Z0V6p50A4Y9256gcr7u7P478","27届高二日语班","仙游县启航教育培训中心","仙游县启航教育培训中心","--"
"350000","福建省","7","ee0c34358dfb4fc38c34358dfb2fc379","初级日语","莆田市秀屿区德川教育培训中心","莆田市秀屿区德川教育培训中心","新版中日交流标准日本语初级"
"350000","福建省","7","A1xr6gg1f0V6725poDs03Db0074i901g","26届高三日语班","仙游县启航教育培训中心","仙游县启航教育培训中心","人教版日语"
"350000","福建省","7","p385s9W7s63741d15Kp71282tN857Hj2","高一日语20260417班","厦门市思明区悦读明智课外培训中心","厦门市思明区悦读明智课外培训中心","新起点日语"
"350000","福建省","8","m1YF0526Cm89F0W06FqGsZ76b5ik5n32","高三日语20260413班","厦门市思明区悦读明智课外培训中心","厦门市思明区悦读明智课外培训中心","日语必修1"
"350000","福建省","8","lzO5kE1Vdb1C1q0w1m68626U0m5eR24g","高二日语20251024班","厦门市思明区悦读明智课外培训中心","厦门市思明区悦读明智课外培训中心","--"
"350000","福建省","8","Xo727w605S5y4b189SA0w10w1S92tJi8","27届高三日语班","仙游县启航教育培训中心","仙游县启航教育培训中心","人教版日语"
"350000","福建省","8","ZHSyfJ73Tjp5bWEG405e74SZ28240zyu","28届高二日语班","仙游县启航教育培训中心","仙游县启航教育培训中心","--"
"360000","江西省","1","31615fcaf0118565f1a40d09e1f80656","体验课","赣州市赣县区弘艺教育培训中心","赣州市赣县区弘艺教育培训中心","--"
"360000","江西省","1","205545e6e7a642fa9545e6e7a642fa3f","高二日语班","乐平市一品文化教育培训学校","乐平市一品文化教育培训学校","标准日本语"
"360000","江西省","1","45ee5d817aa44bdbae5d817aa46bdbd7","高一日语","赣州市赣县区弘艺教育培训中心","赣州市赣县区弘艺教育培训中心","--"
"360000","江西省","1","0dd8ba2790164fd998ba279016ffd98c","高考日语教学","赣州市赣县区弘艺教育培训中心","赣州市赣县区弘艺教育培训中心","标准日本语"
"360000","江西省","1","8ff2177d2dcc49e9b2177d2dcc49e911","日语入门","景德镇市珠山区文尚文化培训学校","景德镇市珠山区文尚文化培训学校","--"
"360000","江西省","1","17ea821cb24641d6aa821cb24631d697","艺考文化课","景德镇市珠山区文尚文化培训学校","景德镇市珠山区文尚文化培训学校","艺考生文化课"
"360000","江西省","1","B9T9Kp5yveBQx63u718CvNJJ565H37v3","高一日语","赣州市赣县区弘艺教育培训中心","赣州市赣县区弘艺教育培训中心","--"
"360000","江西省","1","9b47739ccec74a9287739ccec74a9206","高中日语","景德镇邦沃课外培训有限公司","景德镇邦沃课外培训有限公司","人民教育出版社 日语"
"360000","江西省","1","D14S6slSoC2i6F01oK4BH63fz1dIg019","2024高中日语","赣州市赣县区弘艺教育培训中心","赣州市赣县区弘艺教育培训中心","--"
"360000","江西省","1","d1P8q7LSSu77HM67y47Kh6s33C9ZtRP1","高二日语班","丰城市学者课外培训中心","丰城市学者课外培训中心","日语必修第一册"
"360000","江西省","2","iHs10nz924587ype0XfJ7036rv29P4rV","高二日语班","丰城市学者课外培训中心","丰城市学者课外培训中心","--"
"360000","江西省","2","aL18p9830ih9MIh83i9SU0rD23T8V22m","日语班","丰城市学者课外培训中心","丰城市学者课外培训中心","日语必修第一册"
"360000","江西省","2","g33q841K13Yw95q9TM7476AEi5482m3x","日语班","丰城市学者课外培训中心","丰城市学者课外培训中心","--"
"360000","江西省","2","g6xSv66Cq9QC29kQ87iU4gnzU2j8p96y","高考日语暑假班","景德镇市珠山区文尚文化培训学校","景德镇市珠山区文尚文化培训学校","艺考生文化课"
"360000","江西省","2","gWJ4X2D1cxaL33AfN566fk47C3pgH594","日语班","丰城市学者课外培训中心","丰城市学者课外培训中心","--"
"360000","江西省","2","Hq02906fL41oMH4J5M0D739KoKB6o311","高考日语一对一","景德镇市珠山区文尚文化培训学校","景德镇市珠山区文尚文化培训学校","教材"
"360000","江西省","3","jJUonje96n0CM820ucTN3554EO6y90SZ","体验课","赣州市赣县区弘艺教育培训中心","赣州市赣县区弘艺教育培训中心","--"
"360000","江西省","3","IuDJ67R5KaTvIm8p19JMP62Pf1L01ix5","高中日语","江科科技园内J22栋4层","南昌高新区五柳教育培训学校","高中日语必修第一二三册选择性必修第一二册全套5本人教版"
"360000","江西省","3","a6O9YhPnu0Q354Xp24s2m318UA0geYL4","体验课","赣州市赣县区弘艺教育培训中心","赣州市赣县区弘艺教育培训中心","标准日本语"
"360000","江西省","3","e545b2a839a74d3285b2a839a72d32b0","高中日语班","赣州市章贡区博越课外培训中心","赣州市章贡区博越课外培训中心","标准日本语"
"360000","江西省","3","D627D2Y1P736aR22A84vXvZ95V1P6S63","2024高中日语","赣州市赣县区弘艺教育培训中心","赣州市赣县区弘艺教育培训中心","--"
"360000","江西省","3","e7cQ7xLBr3WIppvy1dS0z5k7HBXg5387","日语试听课程","博硕教育培训学校","贵溪市博硕教育培训学校","新经典日本语"
"360000","江西省","3","d89be8206e64b15077cd250f21fcb40a","高二日语","景德镇邦沃课外培训有限公司","景德镇邦沃课外培训有限公司","人民教育出版社 日语"
"360000","江西省","4","s9wxNw08c2F034vE6l7Cqzfq5X52579m","日语零基础班课","景德镇市珠山区文尚文化培训学校","景德镇市珠山区文尚文化培训学校","教材"
"360000","江西省","4","t4l5SrD9zBHYzf986Vqv45260831ZDsd","高考日语小班课","景德镇市珠山区文尚文化培训学校","景德镇市珠山区文尚文化培训学校","--"
"360000","江西省","4","MD6J9Wwr98C841768OrC20643b5gbSN4","高一日语","景德镇邦沃课外培训有限公司","景德镇邦沃课外培训有限公司","人教版日语必修"
"360000","江西省","4","ML66tbNVjFRW9fPtq51kj8K3Qt656p96","日语班","丰城市学者课外培训中心","丰城市学者课外培训中心","--"
"360000","江西省","4","t6A0pwXsV74589f3Ay97m2PpUm6ov853","高考冲刺班06","南昌高新区新状元文化艺术学校","南昌高新区新状元文化艺术学校","高考日语"
"360000","江西省","4","Q2DsD3a2V3p20Hz339h576a1i63sB4S5","高二日语班","丰城市学者课外培训中心","丰城市学者课外培训中心","--"
"360000","江西省","4","Q60x8Gx9fNtoTl0a5M3ja0L349Enw23Y","日语班","丰城市学者课外培训中心","丰城市学者课外培训中心","--"
"360000","江西省","4","PMA51646571yrtg9f53A99r3UsXkN449","高考日语高二年级","博硕教育培训学校","贵溪市博硕教育培训学校","新经典日本语"
"360000","江西省","4","b1jkg7d444nXiXjZN3k161K001BSn40d","日语班","丰城市学者课外培训中心","丰城市学者课外培训中心","日语必修第一册"
"360000","江西省","5","d89iOO0S40IR0TnLl3324DNw9yr6R3Yh","高一日语2","赣州市赣县区弘艺教育培训中心","赣州市赣县区弘艺教育培训中心","标准日本语"
"360000","江西省","5","xG10a0s5I3BJ4T86B51P8z4kJviX1P9E","宜春一中日语复读班","丰城市学者课外培训中心","丰城市学者课外培训中心","--"
"360000","江西省","5","Ze9P7hHzI8l7302d0wwV7XPB6z5o22sL","日语班","丰城市学者课外培训中心","丰城市学者课外培训中心","--"
"360000","江西省","5","zEh18gE8UUul25w0jq2tjQHxI5xz2jS4","高三日语班","丰城市学者课外培训中心","丰城市学者课外培训中心","--"
"360000","江西省","5","RWSAq6zfS7FXL9j86S577alC6273oGJ1","日语班","丰城市学者课外培训中心","丰城市学者课外培训中心","--"
"360000","江西省","5","vY5ud991h6f9e4Gwq5L18fT9w2a097yH","文综班课","景德镇市珠山区文尚文化培训学校","景德镇市珠山区文尚文化培训学校","教材"
"360000","江西省","5","WX35EM54vH6inc3S9kQ98y01liZ4PG1U","宜春实验中学高一日语班","丰城市学者课外培训中心","丰城市学者课外培训中心","--"
"360000","江西省","5","BLkq9011w68I672D434dJ1VFiwwRX0k7","日语班","丰城市学者课外培训中心","丰城市学者课外培训中心","日语必修第一册"
"360000","江西省","6","D2910m9t62bbW7Q9LIKS3680jy2ooi87","高考日语","博硕教育培训学校","贵溪市博硕教育培训学校","新经典日本语"
"360000","江西省","6","w2Nvm965ghuZL7C6908EaZA0N1264m0B","日语零基础班","丰城市学者课外培训中心","丰城市学者课外培训中心","日语必修第一册"
"360000","江西省","6","Wd842K2PQKJLCzrxl63Oy15zU15vg40o","日语","景德镇邦沃课外培训有限公司","景德镇邦沃课外培训有限公司","人教版日语必修"
"360000","江西省","6","Z558z473o62K7ieKg0Jy727bg2A9c7O8","高一日语","赣州市赣县区弘艺教育培训中心","赣州市赣县区弘艺教育培训中心","标准日本语"
"360000","江西省","6","e7F004Ekt46E4R6bmhqb6DJHg19ax291","日语n4基础课程","问学教育","宜春市宜阳新区问学教育培训学校有限公司","标准日本语中级上册"
"360000","江西省","6","HR66244222525q88s266J2Lr72G1MwHV","日语听力会话课程","问学教育","宜春市宜阳新区问学教育培训学校有限公司","日语选修一"
"360000","江西省","6","k9WF5VL8mTV84gk89b4u20JkWqb56v5G","日语n5进阶课程","问学教育","宜春市宜阳新区问学教育培训学校有限公司","标准日本语初级下册"
"360000","江西省","6","kg3kvo6mLQ6dS9sR6713yea57N00Tp3E","日语写作专项课程","问学教育","宜春市宜阳新区问学教育培训学校有限公司","--"
"360000","江西省","6","l5H76ksljN2qj20M4fK6502NyC0E32C7","日语n5基础课程","问学教育","宜春市宜阳新区问学教育培训学校有限公司","标准日本语初级上册"
"360000","江西省","6","n4K8984mWy15oT4eC0U529Tk32K73V7v","日语n4进阶课程","问学教育","宜春市宜阳新区问学教育培训学校有限公司","标准日本语中级下册"
"360000","江西省","7","zRDq05BK500Y60354p9VM82JL0043t8m","高二日语课务","赣州市赣县区逐梦文化培训中心","赣州市赣县区逐梦文化培训中心","--"
"360000","江西省","7","34d9151ac380462699151ac380d626fd","高考日语","赣州市赣县区逐梦文化培训中心","赣州市赣县区逐梦文化培训中心","标准日本语"
"360000","江西省","7","8c86b38a90573f577a0f12083f918749","秋季开学高三1-2班（建档立卡贫困户学生课务）","赣州市赣县区逐梦文化培训中心","赣州市赣县区逐梦文化培训中心","--"
"360000","江西省","7","e2h4IIKd02Mke86q8rKn8bQsU8tT6m9D","秋季9月日语课程","赣州市赣县区逐梦文化培训中心","赣州市赣县区逐梦文化培训中心","--"
"360000","江西省","7","r0urx70U56X10ZfDM2w0i5021C160230","高中日语课程（建档立卡贫困户学生课务）","赣州市赣县区逐梦文化培训中心","赣州市赣县区逐梦文化培训中心","--"
"360000","江西省","7","wO98N1SvD61o1609H3K739k6Hep8Gc70","2024高一春季5月20日-6月4日课程","赣州市赣县区逐梦文化培训中心","赣州市赣县区逐梦文化培训中心","--"
"360000","江西省","7","Qk250i489ZfP48U9t9vPHTV5HU137g0p","日语进阶课程","问学教育","宜春市宜阳新区问学教育培训学校有限公司","日语必修二"
"360000","江西省","7","XO247kC8yc863OJ2o163p90x0256eR4Q","高中日语","赣州市赣县区弘艺教育培训中心","赣州市赣县区弘艺教育培训中心","标准日本语"
"360000","江西省","8","P7dNZivWzB2Ml7hL2n201012W42D1RlM","日语班","丰城市学者课外培训中心","丰城市学者课外培训中心","--"
"360000","江西省","8","h2821s1beV9Q559d3Mw627lAy67N105E","高考日语","鹰潭市信江新区新航线教育培训学校","鹰潭市信江新区新航线教育培训学校","--"
"360000","江西省","8","L5989V2y8WEwPTdgXIw15F6J8SUx7G80","日语班","丰城市学者课外培训中心","丰城市学者课外培训中心","--"
"360000","江西省","8","g6iIj68rL2R7768ABg2Y02JzW6A9EA6K","日语班","丰城市学者课外培训中心","丰城市学者课外培训中心","日语必修第一册"
"360000","江西省","8","X2C5n685b67Blf67x2902i8285VxnPJ8","日语班","丰城市学者课外培训中心","丰城市学者课外培训中心","--"
"360000","江西省","9","XTCQ6Z4777j895S7Kz7qP32JT329Fq21","高中日语","赣州市赣县区弘艺教育培训中心","赣州市赣县区弘艺教育培训中心","标准日本语"
"360000","江西省","9","o128A26or92mJ9E74D8967KgCn8i9B01","高考冲刺班05","南昌高新区新状元文化艺术学校","南昌高新区新状元文化艺术学校","高考日语"
"360000","江西省","9","QcGp31212P1iu215W6gKZbYji1447128","日语班","丰城市学者课外培训中心","丰城市学者课外培训中心","--"
"360000","江西省","9","wQC2akN8hdv0ZI6xd36A37NZ1KG82Y83","日语班","丰城市学者课外培训中心","丰城市学者课外培训中心","--"
"360000","江西省","9","M1P070FI854188o218054Ny63s1jpN1q","日语班","丰城市学者课外培训中心","丰城市学者课外培训中心","日语必修第一册"
"370000","山东省","1","1abc647448144fbbbc647448142fbb78","高考日语","泰安市泰山区天诺教育培训学校","泰安市泰山区天诺教育培训学校","标准日本语初级上下册"
"370000","山东省","1","d2g90I46531gk8009DI790t12i8GVS90","高中日语培训","烟台市芝罘区富士外语培训学校","烟台市芝罘区富士外语培训学校","日语七年级全一册"
"370000","山东省","1","b8e642417d759884493ae7056f3adc67","日语一班2023","泰安高新区尚本文化教育培训学校","泰安高新区尚本文化教育培训学校","普通高中教科书 日语选择性必修第一册"
"370000","山东省","1","ccJ59s8h80A64Dot2j40361v9HpImTr0","日语课程2024.11","泰安高新区尚本文化教育培训学校","泰安高新区尚本文化教育培训学校","普通高中教科书 日语必修第一册"
"370000","山东省","1","CJ8r8hm2F0MreL67PVnn71t47nCtZ349","高中日语202512","泰安高新区尚本文化教育培训学校","泰安高新区尚本文化教育培训学校","--"
"370000","山东省","1","ade98b968874725a97f98f7be4fcd658","试听课班级2023","泰安高新区尚本文化教育培训学校","泰安高新区尚本文化教育培训学校","普通高中教科书 日语必修第二册"
"370000","山东省","1","a1d9f806d96343f299f806d96313f2a1","小语种2022.12-20.23.2","枣庄市峄城区三立教育培训学校","枣庄市峄城区三立教育培训学校","日语八年级（全一册）"
"370000","山东省","1","a1DFrqhXEa2s86z2s4Cz769R5l119pJB","2月3月日语","枣庄市峄城区三立教育培训学校","枣庄市峄城区三立教育培训学校","高中日语选择性必修第二册"
"370000","山东省","1","9f8f9ea79744494f8f9ea79744a94fc5","日语基础","烟台经济技术开发区通达日语培训学校","烟台经济技术开发区通达日语培训学校","日语基础"
"370000","山东省","1","E2Yz1BTurh4v6FIB96H7W2n17m8tcsf4","高中日语培训","烟台市芝罘区富士外语培训学校","烟台市芝罘区富士外语培训学校","--"
"370000","山东省","2","aQ767iGHyVEZj89v3re4S6Z29O02neIK","高考日语","泰安市泰山区天诺教育培训学校","泰安市泰山区天诺教育培训学校","标准日本语初级上下册"
"370000","山东省","2","a32G672k1438gSGU0ViU167U4sGgq10k","高中日语202512","泰安高新区尚本文化教育培训学校","泰安高新区尚本文化教育培训学校","普通高中教科书 日语必修第一册"
"370000","山东省","2","B5048icj6cXv1bJ7ql4J85e26VA0250t","五月份日语班","枣庄市峄城区三立教育培训学校","枣庄市峄城区三立教育培训学校","高中日语必修第三册"
"370000","山东省","2","d112dbfef29e471692dbfef29ee71637","日语班","枣庄市峄城区三立教育培训学校","枣庄市峄城区三立教育培训学校","高中日语必修第一册"
"370000","山东省","3","83795ebff7774df9b95ebff7770df97f","高中日语培训","烟台市芝罘区富士外语培训学校","烟台市芝罘区富士外语培训学校","日语 必修 第一册"
"370000","山东省","3","8f7f80e6bc110263bd52baf3c4576cd4","日语四班","泰安高新区尚本文化教育培训学校","泰安高新区尚本文化教育培训学校","--"
"370000","山东省","3","012adf5132cc42d3aadf5132cc62d308","高中日语培训","烟台市芝罘区富士外语培训学校","烟台市芝罘区富士外语培训学校","日语七年级全一册"
"370000","山东省","3","05d828a3f884498f9828a3f884498f1d","高一日语培训","威海市环翠区永幸教育培训学校","威海市环翠区永幸教育培训学校","人教版日语教材 九年级"
"370000","山东省","3","032c26b7d8854807ac26b7d885b807cc","测试1","泰安市泰山区天诺教育培训学校","泰安市泰山区天诺教育培训学校","高中日语必修第一册"
"370000","山东省","3","5efbe614e8314b1dbbe614e831bb1d90","实验3333","枣庄市峄城区三立教育培训学校","枣庄市峄城区三立教育培训学校","日语七年级（全一册）"
"370000","山东省","3","3eeed719eb4f45c8aed719eb4f65c84f","日语","泰安高新区尚本文化教育培训学校","泰安高新区尚本文化教育培训学校","普通高中教科书 日语选择性必修第一册"
"370000","山东省","3","a89Cz4O19124Q53tt606K8P06l00eS67","高中日语2026 一班","泰安高新区尚本文化教育培训学校","泰安高新区尚本文化教育培训学校","普通高中教科书 日语选择性必修第一册"
"370000","山东省","4","i234K5539R06h97ZZN968k547S1L9R3m","高考日语基础班","威海市环翠区永幸教育培训学校","威海市环翠区永幸教育培训学校","日语同步练习 七年级"
"370000","山东省","4","I1r42h1iE3G8O88206o7D74A8t7lV35G","4月份日语班一","枣庄市峄城区三立教育培训学校","枣庄市峄城区三立教育培训学校","日语九年级（全一册）"
"370000","山东省","4","HZ09680420g80A7h363w0x0EN1T30a89","日语","烟台市芝罘区富士外语培训学校","烟台市芝罘区富士外语培训学校","日语 必修 第一册"
"370000","山东省","4","hjf0Suj8BO593w49m29e376127Wq2bQ9","12月日语","枣庄市峄城区三立教育培训学校","枣庄市峄城区三立教育培训学校","高中日语选择性必修第二册"
"370000","山东省","4","H7dmqVjHJ7aZ83kKk97fC8LBoQ279968","高三日语冲刺班","威海市环翠区永幸教育培训学校","威海市环翠区永幸教育培训学校","日语同步练习 九年级"
"370000","山东省","4","Hm2oxaia14r6D1717c2n62X493f3t821","小语种2024.3-2024.5","枣庄市峄城区三立教育培训学校","枣庄市峄城区三立教育培训学校","高中日语必修第一册"
"370000","山东省","4","H2hZ26dCe1d6Pu705LBFMWuZy1873900","日语二班2023","泰安高新区尚本文化教育培训学校","泰安高新区尚本文化教育培训学校","普通高中教科书 日语选择性必修第一册"
"370000","山东省","4","m41a110637DB2p3Puk2578dA87157vFp","高中日语2025","泰安高新区尚本文化教育培训学校","泰安高新区尚本文化教育培训学校","普通高中教科书 日语必修第一册"
"370000","山东省","4","m7F72zc0K14BGS8q3fk06138TaVP3P5Q","4月份日语班一","枣庄市峄城区三立教育培训学校","枣庄市峄城区三立教育培训学校","--"
"370000","山东省","4","l0E24rzv37r4w4238Y70VR6wOK12VkW4","日语课程2024.10","泰安高新区尚本文化教育培训学校","泰安高新区尚本文化教育培训学校","普通高中教科书 日语必修第二册"
"370000","山东省","5","mFF97i939hkEr682X4hh4b8200p7lHO0","日语课程","泰安高新区尚本文化教育培训学校","泰安高新区尚本文化教育培训学校","普通高中教科书 日语必修第二册"
"370000","山东省","5","P4F3j9z53G38h9DUA784Z4b9467X3DV1","高中日语提升班","烟台市芝罘区富士外语培训学校","烟台市芝罘区富士外语培训学校","--"
"370000","山东省","5","NQ0065wA101E733x0vQce08FZ32b10J8","2月3月日语","枣庄市峄城区三立教育培训学校","枣庄市峄城区三立教育培训学校","高中日语选择性必修第二册"
"370000","山东省","5","nejeZ997fWkzaw1uj8ed0DekE97771Od","高中日语培训","烟台市芝罘区富士外语培训学校","烟台市芝罘区富士外语培训学校","日语 必修 第一册"
"370000","山东省","5","o07PuTq49n30QeG05Q674g445866tz52","高一基础日语","枣庄市峄城区三立教育培训学校","枣庄市峄城区三立教育培训学校","日语七年级（全一册）"
"370000","山东省","5","in12F45Bm18aY4xI7pzaa4honixe18x2","日语试听课0基础","泰安高新区尚本文化教育培训学校","泰安高新区尚本文化教育培训学校","普通高中教科书 日语必修第一册"
"370000","山东省","5","o7fxr1980pvc5mX2n7GXla7B86zLo66V","20251203","泰安高新区尚本文化教育培训学校","泰安高新区尚本文化教育培训学校","普通高中教科书 日语必修第一册"
"370000","山东省","5","P39e3m522b6tiDmM1z6V8T8t516p4XEf","高考日语听力","泰安市泰山区天诺教育培训学校","泰安市泰山区天诺教育培训学校","高中日语必修第一册"
"370000","山东省","5","U9Hw6n38uV33N60nr8l9d5G99Qd3169L","日语课程2023.9","泰安高新区尚本文化教育培训学校","泰安高新区尚本文化教育培训学校","普通高中教科书 日语选择性必修第一册"
"370000","山东省","5","tP96ek8UOj3997NtUKbP8tN6140iZfcE","高二高考日语进阶","威海市环翠区永幸教育培训学校","威海市环翠区永幸教育培训学校","人教版日语教材 八年级"
"370000","山东省","6","q9ng3r5BqQ59B8qzw7K7125CN6cJIea4","高二日语班","枣庄市峄城区三立教育培训学校","枣庄市峄城区三立教育培训学校","高中日语必修第三册"
"370000","山东省","6","s25609rVkVFXB1U8K6x4o3DhDHP6yD8k","七月日语班","枣庄市峄城区三立教育培训学校","枣庄市峄城区三立教育培训学校","高中日语必修第一册"
"370000","山东省","6","Svf0DE336X1bw3Bg9GgM8d1j00WwSp14","高考日语","泰安市泰山区天诺教育培训学校","泰安市泰山区天诺教育培训学校","标准日本语初级上下册"
"370000","山东省","6","si0J4ij63835705C2R3tcaTqZ60J0PG6","日语课程","泰安高新区尚本文化教育培训学校","泰安高新区尚本文化教育培训学校","普通高中教科书 日语选择性必修第一册"
"370000","山东省","6","T3u1193RKW61J14Y3C1wFO2pf9556BNw","12月日语","枣庄市峄城区三立教育培训学校","枣庄市峄城区三立教育培训学校","日语八年级（全一册）"
"370000","山东省","6","W05UWQ79L5aRiVLfXvdFI9PFZC75uV4m","高中日语2026","泰安高新区尚本文化教育培训学校","泰安高新区尚本文化教育培训学校","普通高中教科书 日语必修第一册"
"370000","山东省","6","v0L9JQ5Wy031b020d5w0D2ny529k1I14","高中日语提升班","烟台市芝罘区富士外语培训学校","烟台市芝罘区富士外语培训学校","日语 必修 第一册"
"370000","山东省","6","U505Ov950Z3552T678yO7eK545io7xqU","10月日语班","枣庄市峄城区三立教育培训学校","枣庄市峄城区三立教育培训学校","高中日语选择性必修第二册"
"370000","山东省","7","T7307d24vf6CAv0ICE79V279m2Nr6Ok7","高中日语强化班","烟台市芝罘区富士外语培训学校","烟台市芝罘区富士外语培训学校","--"
"370000","山东省","7","o3fYO811XBXU9E1R6589JDT4o7226e2E","24届高三","枣庄市峄城区三立教育培训学校","枣庄市峄城区三立教育培训学校","高中日语必修第一册"
"370000","山东省","7","gP9zmwOAAjf74PPK19dr4t721I2k15J4","小语种2023.12-2024.2","枣庄市峄城区三立教育培训学校","枣庄市峄城区三立教育培训学校","日语八年级（全一册）"
"370000","山东省","7","GYQT36V64r876289FDHi11z0oq7180o9","高一基础班","烟台市芝罘区富士外语培训学校","烟台市芝罘区富士外语培训学校","日语七年级全一册"
"370000","山东省","7","Fa1aFVm1jQ3a676Hy82b0IE9X3ks3Y67","高中日语精华班","烟台市芝罘区富士外语培训学校","烟台市芝罘区富士外语培训学校","日语 必修 第一册"
"370000","山东省","7","L9k42B9z916QTC01k9XOYwBdUb4yO4l3","零基础高考日语","泰安市泰山区天诺教育培训学校","泰安市泰山区天诺教育培训学校","标准日本语初级上下册"
"370000","山东省","7","ZkBW38Ck8gChh98aPIV5AJ2Z6gz55z63","高中日语202512","泰安高新区尚本文化教育培训学校","泰安高新区尚本文化教育培训学校","普通高中教科书 日语选择性必修第一册"
"370000","山东省","8","ZiEi9kHJ10214Lx8j06MQ726j56x8zF0","高中日语培训","烟台市芝罘区富士外语培训学校","烟台市芝罘区富士外语培训学校","--"
"370000","山东省","8","rE2uEvw1x6641c1hH8zM9W16yhX95cW5","高二基础日语","枣庄市峄城区三立教育培训学校","枣庄市峄城区三立教育培训学校","日语八年级（全一册）"
"370000","山东省","8","reHE8T53P1489US0Bj4b81b0fe6yo02X","高中日语强化班","烟台市芝罘区富士外语培训学校","烟台市芝罘区富士外语培训学校","日语 必修 第一册"
"370000","山东省","8","wwXgI9qWT8n81854n222F49c3Kguza3h","24届日语高考班3","枣庄市峄城区三立教育培训学校","枣庄市峄城区三立教育培训学校","--"
"370000","山东省","8","y0g33z1EBaP10M492sk953n428D97r23","必修强化班","烟台市芝罘区富士外语培训学校","烟台市芝罘区富士外语培训学校","--"
"370000","山东省","8","zS6Kfb12r49r2237816645N0CB260cPa","高中日语2025.4","泰安高新区尚本文化教育培训学校","泰安高新区尚本文化教育培训学校","--"
"370000","山东省","8","W26ZgDeh0z9y922542tku4P202S4uo9y","2024日语课","枣庄市峄城区三立教育培训学校","枣庄市峄城区三立教育培训学校","高中日语必修第一册"
"370000","山东省","8","W0O05601U8MnCCFMkfKLrLWk4F0136hv","高考日语20251102","泰安高新区尚本文化教育培训学校","泰安高新区尚本文化教育培训学校","普通高中教科书 日语必修第一册"
"370000","山东省","8","w5v9m59r06gmsO7B2N133y9oghNEj402","高中日语试听课","泰安高新区尚本文化教育培训学校","泰安高新区尚本文化教育培训学校","普通高中教科书 日语必修第二册"
"370000","山东省","9","ZQbj0z92vXBFLAU831C1Dd830S2836s7","高中日语强化班","烟台市芝罘区富士外语培训学校","烟台市芝罘区富士外语培训学校","日语 必修 第一册"
"370000","山东省","9","AE49a458e087648vX76EKk29H0m50ym9","高二日语9","济南高新国际人力资源服务产业园十楼","济南市高新区玖和柒培训学校有限公司","普通高中日语（必修二）"
"370000","山东省","9","B2Um9fE7hR9KIn0AM29KS084b3n5GQ47","高二日语18","济南高新国际人力资源服务产业园十楼","济南市高新区玖和柒培训学校有限公司","--"
"370000","山东省","9","bU6y8761deyHaY3Z2GjNKe965526qw4a","高二日语16","济南高新国际人力资源服务产业园十楼","济南市高新区玖和柒培训学校有限公司","普通高中日语（必修三）"
"370000","山东省","9","bVzm1OA660aA0Gau1S219AHW0288n3sR","高一日语9.40","济南高新国际人力资源服务产业园十楼","济南市高新区玖和柒培训学校有限公司","八年级全一册（日语）"
"370000","山东省","9","c67h1Nn0787157I9Zjo2qa8W4vv96B76","高一日语12.25","济南高新国际人力资源服务产业园十楼","济南市高新区玖和柒培训学校有限公司","--"
"370000","山东省","9","D3B260Z2387S4sp275KOv8nGV7685751","高一日语10.16","济南高新国际人力资源服务产业园十楼","济南市高新区玖和柒培训学校有限公司","--"
"370000","山东省","9","Daol6m43RF3Om1mPgJ7sHI3sB2W1096w","高一日语4.16","济南高新国际人力资源服务产业园十楼","济南市高新区玖和柒培训学校有限公司","七年级全一册（日语）"
"370000","山东省","9","Dzn81cR5bB61Vg6N36YKvYz4Vr9241N5","高一日语6.26","济南高新国际人力资源服务产业园十楼","济南市高新区玖和柒培训学校有限公司","--"
"370000","山东省","9","EwW0A12992x2kmF8y9V4o9B9u9R1lV16","日语N1一阶班","济南高新国际人力资源服务产业园十楼","济南市高新区玖和柒培训学校有限公司","--"
"370000","山东省","10","p8I493E2DZ3T8ZuXrqUkQ1270Gpg7Lsb","日语培训","济南市山钢新天地8号楼1606、1607","济南市高新区学仁教育培训学校有限公司","日语第一册"
"370000","山东省","10","qu2FKzy50t49aaCd6k123C23Bb3pp5on","高考日语","济南市山钢新天地8号楼1606、1607","济南市高新区学仁教育培训学校有限公司","日语第二册"
"370000","山东省","10","txkbbQ204445j72z835Mu105EB6rP0l7","高考日语","济南市山钢新天地8号楼1606、1607","济南市高新区学仁教育培训学校有限公司","标准日本语"
"370000","山东省","10","U9a046CVu0Ovy393Na933xR76E8ag43w","高考日语3","济南市山钢新天地8号楼1606、1607","济南市高新区学仁教育培训学校有限公司","--"
"370000","山东省","10","WL7At9q8HI7qahbji6268eZHN195Dt1d","高考日语","济南市山钢新天地8号楼1606、1607","济南市高新区学仁教育培训学校有限公司","日语第三册"
"370000","山东省","10","YE9zg641I9I2Rgzmn5749rF02aF62D90","高考日语","济南市山钢新天地8号楼1606、1607","济南市高新区学仁教育培训学校有限公司","--"
"370000","山东省","10","Mc74Ntf24c1eE62i2t5H1Ety7t1wjk70","高中日语202511","泰安高新区尚本文化教育培训学校","泰安高新区尚本文化教育培训学校","普通高中教科书 日语必修第一册"
"370000","山东省","11","Y785CD19675298WatB68736YJ9qNI253","高中日语202512","泰安高新区尚本文化教育培训学校","泰安高新区尚本文化教育培训学校","普通高中教科书 日语必修第一册"
"370000","山东省","11","lKI5dMMaR2z8yyJk7Q8eB3Uv4368Y865","高考日语2","济南市山钢新天地8号楼1606、1607","济南市高新区学仁教育培训学校有限公司","--"
"370000","山东省","11","YS801zM04Huu343U633056B4M3NUuaI2","高考日语","济南市山钢新天地8号楼1606、1607","济南市高新区学仁教育培训学校有限公司","日语第三册"
"370000","山东省","11","xG7K0S9fk3A4H0o45SQm7fD6234n0GF9","高考日语","济南市山钢新天地8号楼1606、1607","济南市高新区学仁教育培训学校有限公司","--"
"370000","山东省","11","I8657eD68Qfq34j463i93rg194Z6cZ7R","日语培训","济南市山钢新天地8号楼1606、1607","济南市高新区学仁教育培训学校有限公司","日语第二册"
"370000","山东省","11","K357l5Y4OlY3Rl6sU173302F628hYp51","日语培训","济南市山钢新天地8号楼1606、1607","济南市高新区学仁教育培训学校有限公司","--"
"370000","山东省","11","tQ6Q47B465U9ja5xFjf2KD7pVA15Izrk","高考日语1","济南市山钢新天地8号楼1606、1607","济南市高新区学仁教育培训学校有限公司","--"
"370000","山东省","11","Jz5Vcj858867i6RgQ622385N0689igeb","高考日语1","济南市山钢新天地8号楼1606、1607","济南市高新区学仁教育培训学校有限公司","--"
"370000","山东省","12","lKVQW8RQ2y1v9Ld1905ggO654747o57S","日语培训","济南市山钢新天地8号楼1606、1607","济南市高新区学仁教育培训学校有限公司","日语第一册"
"370000","山东省","12","y7F73PB1g02t5WMd6nzWAKA610hd1l1I","高考日语","济南市山钢新天地8号楼1606、1607","济南市高新区学仁教育培训学校有限公司","--"
"370000","山东省","12","gAD524ic8x4X10SpdJH7Q0814qO0B6f6","日语培训","济南市山钢新天地8号楼1606、1607","济南市高新区学仁教育培训学校有限公司","--"
"370000","山东省","12","d34bcd82ca9bf4b9fe48a2bb1bdc1bb7","高一试听","济南市山钢新天地8号楼1606、1607","济南市高新区学仁教育培训学校有限公司","标准日本语"
"370000","山东省","12","sFX7BAK2FoKF2BD9NL39WI95525C9n8T","高考日语","济南市山钢新天地8号楼1606、1607","济南市高新区学仁教育培训学校有限公司","--"
"370000","山东省","12","V0477A9867104zi98N8285T039Sw1m31","高考日语","济南市山钢新天地8号楼1606、1607","济南市高新区学仁教育培训学校有限公司","--"
"370000","山东省","12","EN081v3Jk2Plbqg6Vy25XI40bYc303o8","日语培训","济南市山钢新天地8号楼1606、1607","济南市高新区学仁教育培训学校有限公司","--"
"370000","山东省","12","p17Zs8e4Zk093X44rZSSse1q9GS5WSpJ","日语培训","济南市山钢新天地8号楼1606、1607","济南市高新区学仁教育培训学校有限公司","--"
"370000","山东省","12","P631v5Q840304F9W5w6w0HzC8110YB77","高考日语","济南市山钢新天地8号楼1606、1607","济南市高新区学仁教育培训学校有限公司","日语第二册"
"370000","山东省","12","B5DZ61119712O3yqrJ3tP1pT1Vw2l335","高考日语","济南市山钢新天地8号楼1606、1607","济南市高新区学仁教育培训学校有限公司","日语第三册"
"370000","山东省","13","ZJrRX6Y41rCn4908LTh84L99Z77848Z3","高一日语5-15","济南高新国际人力资源服务产业园十楼","济南市高新区玖和柒培训学校有限公司","八年级全一册（日语）"
"370000","山东省","13","YBP569TSVt6X6zH182kSy0156v1aiz8j","高一基础日语","枣庄市峄城区三立教育培训学校","枣庄市峄城区三立教育培训学校","日语七年级（全一册）"
"370000","山东省","13","34ae3cade5774532ae3cade577853251","高考日语","济南市山钢新天地8号楼1606、1607","济南市高新区学仁教育培训学校有限公司","标准日本语"
"370000","山东省","13","bFpF92pl746836J045e1X43gT1Ot9799","高考日语5","济南市山钢新天地8号楼1606、1607","济南市高新区学仁教育培训学校有限公司","--"
"370000","山东省","13","cwk0667d4j24661I8gwuyp6Kw47zG43I","日语","济南市山钢新天地8号楼1606、1607","济南市高新区学仁教育培训学校有限公司","日语第二册"
"370000","山东省","13","eC3lWKqfE47Fn2971IOZ9eQ81H17YQVt","高考日语3","济南市山钢新天地8号楼1606、1607","济南市高新区学仁教育培训学校有限公司","--"
"370000","山东省","13","g6Fy5565k60Jp7xz3Z1Valq172163k84","高考日语","济南市山钢新天地8号楼1606、1607","济南市高新区学仁教育培训学校有限公司","--"
"370000","山东省","13","HQ6GgY7F16HR1e0o075SFIvQ2Qnf9b70","高考日语2","济南市山钢新天地8号楼1606、1607","济南市高新区学仁教育培训学校有限公司","--"
"370000","山东省","13","iT06oxm6C682XpS92rt3Z9236Ae4I9Ke","高考日语","济南市山钢新天地8号楼1606、1607","济南市高新区学仁教育培训学校有限公司","--"
"370000","山东省","14","kE153w8j8Tb6K89t4w3Ko9H1PO9D9223","高考日语","济南市山钢新天地8号楼1606、1607","济南市高新区学仁教育培训学校有限公司","--"
"370000","山东省","14","I6B8302p33KM645B0T5xGt9x949t6572","高考日语","济南市山钢新天地8号楼1606、1607","济南市高新区学仁教育培训学校有限公司","--"
"370000","山东省","14","Z31pni274Fy1393pfIXxihS78R7H019S","日语培训","济南市山钢新天地8号楼1606、1607","济南市高新区学仁教育培训学校有限公司","--"
"370000","山东省","14","An5bby1y48of2D529LO9Bqo61YAkV753","日语培训","济南市山钢新天地8号楼1606、1607","济南市高新区学仁教育培训学校有限公司","日语第一册"
"370000","山东省","14","CL9nUg5N90VVqdQrf0r44216d799O51C","高考日语","济南市山钢新天地8号楼1606、1607","济南市高新区学仁教育培训学校有限公司","日语第二册"
"370000","山东省","14","beK65C94PV5s4y752B5fh7368l8v0344","高考日语","济南市山钢新天地8号楼1606、1607","济南市高新区学仁教育培训学校有限公司","--"
"370000","山东省","14","EX23bQ1c20s9Da3O0ymMtQhOB7Cza284","高考日语","济南市山钢新天地8号楼1606、1607","济南市高新区学仁教育培训学校有限公司","--"
"370000","山东省","14","X2kCt3Rdd2B3C60UT7n8lJd70721C930","高考日语培训","济南市山钢新天地8号楼1606、1607","济南市高新区学仁教育培训学校有限公司","--"
"370000","山东省","14","h224Uo70905NqFtYLS0G9cM9c23Ovf75","高二日语","济南高新国际人力资源服务产业园十楼","济南市高新区玖和柒培训学校有限公司","普通高中日语（必修二）"
"370000","山东省","14","W9H7m411pD1Tvv669f47Fpp01r8722y4","高二日语3","济南高新国际人力资源服务产业园十楼","济南市高新区玖和柒培训学校有限公司","--"
"370000","山东省","15","VC2TDt5421qZ32iZe02h8o0o9575o7wG","20260202","泰安高新区尚本文化教育培训学校","泰安高新区尚本文化教育培训学校","--"
"370000","山东省","15","aR447daZ27OE6207nECa07w5AZ6G1U6N","2025高考日语1","泰安市泰山区天怡培训学校","泰安市泰山区天怡培训学校","标准日本语"
"370000","山东省","15","s9S1V51091X2892mWI71L9e26X83bU65","日语培训","济南市山钢新天地8号楼1606、1607","济南市高新区学仁教育培训学校有限公司","标准日本语"
"370000","山东省","15","Xa1Y9AeqyK5Ms7e1935093NY5Y66rogC","日语20260501","泰安高新区尚本文化教育培训学校","泰安高新区尚本文化教育培训学校","--"
"370000","山东省","15","v941o1852NiO5b5cWW404jEG76eUswCg","高二日语520","济南高新国际人力资源服务产业园十楼","济南市高新区玖和柒培训学校有限公司","普通高中日语（必修二）"
"370000","山东省","15","TqC5uTT71169kIL6WSL5dik5V7unyTDm","20260201","泰安高新区尚本文化教育培训学校","泰安高新区尚本文化教育培训学校","--"
"370000","山东省","15","j7jr4vr43SBR2a93lh688wl5S32D1Grm","日语20260502","泰安高新区尚本文化教育培训学校","泰安高新区尚本文化教育培训学校","普通高中教科书 日语必修第一册"
"370000","山东省","15","jQ9ZYp8HN7713XDo75O7849746NW34T4","高一日语班","烟台市芝罘区富士外语培训学校","烟台市芝罘区富士外语培训学校","日语八年级全一册"
"370000","山东省","15","9d914e6fe35b64018e1a8e893c3d9fb3","02","青岛市市北区龙城路31号","青岛市市北区词林文化培训学校有限公司","日语教程"
"370000","山东省","15","A129g2q21JU2n90I9JcSPiFwj472227W","日语","青岛市市北区龙城路31号","青岛市市北区词林文化培训学校有限公司","--"
"370000","山东省","16","9ee4bf17815b477ba4bf17815bf77b3a","日语必修第一册","青岛市市北区郑州路43号","青岛市市北区青科文化培训学校有限公司","日语必修第一册"
"370000","山东省","16","Nxp9x8xcF1u63GX8t2R7O4y23405e2OV","日语","青岛市市北区郑州路43号","青岛市市北区青科文化培训学校有限公司","--"
"370000","山东省","16","T39pGi8ASI4AE859rC310061hz387nur","日语提升1","青岛市市北区郑州路43号","青岛市市北区青科文化培训学校有限公司","日语八年级第一课"
"370000","山东省","16","w1LVV578477h9xC4634e9133d64b55VF","日语提升","青岛市市北区郑州路43号","青岛市市北区青科文化培训学校有限公司","--"
"370000","山东省","16","Ybya6B9137VReN36i20K946974i68mXU","日语","青岛市市北区郑州路43号","青岛市市北区青科文化培训学校有限公司","--"
"370000","山东省","16","BMQ089M7LI19sF90n7037wT1ih6y8Q32","日语课程","潍坊市奎文区优胜教育培训学校","潍坊市奎文区优胜教育培训学校","普通高中教科书日语必修（第一册）"
"370000","山东省","16","m3H6E2ILi6X65s57wEw3vo6KE139X4p5","高中日语","潍坊市奎文区优胜教育培训学校","潍坊市奎文区优胜教育培训学校","--"
"370000","山东省","16","U0SP324096we764JVwc0OUw2y11MNV9U","日语","潍坊市奎文区优胜教育培训学校","潍坊市奎文区优胜教育培训学校","--"
"370000","山东省","16","G1bZ48G9gA67i64299ck3hV26q9z439j","20251202","泰安高新区尚本文化教育培训学校","泰安高新区尚本文化教育培训学校","普通高中教科书 日语必修第一册"
"370000","山东省","16","Ibf634JwpnbgC9Se3V499bvT394FUx5u","20260102","泰安高新区尚本文化教育培训学校","泰安高新区尚本文化教育培训学校","--"
"370000","山东省","17","Sk2VCr1i468r0ybE0i3574W3O93JL69W","日语初级1","青岛市市北区龙城路31号","青岛市市北区词林文化培训学校有限公司","--"
"370000","山东省","17","sL44gl7bZF6yU33nzJtn3j61497w9I3i","日语5-4","青岛市市北区龙城路31号","青岛市市北区词林文化培训学校有限公司","日语教程"
"370000","山东省","17","t6BkH3t14621W2H7O1hP60h4O07z9e28","日语入门","青岛市市北区龙城路31号","青岛市市北区词林文化培训学校有限公司","日语七年级全一册"
"370000","山东省","17","TZ75U4204I229D4ZfM7zLHd81k9Wrbp1","日语初级2","青岛市市北区龙城路31号","青岛市市北区词林文化培训学校有限公司","--"
"370000","山东省","17","vrW1pT8Q2l8o47295n2p2Xh7LJ074Q08","日语初级3","青岛市市北区龙城路31号","青岛市市北区词林文化培训学校有限公司","--"
"370000","山东省","17","X74K61bmPb7783O5tT451qu6txX5OH47","日语初级","青岛市市北区龙城路31号","青岛市市北区词林文化培训学校有限公司","--"
"370000","山东省","17","X84h6Lj76w73D4T55khJ5S093C0m37p6","日语6","青岛市市北区龙城路31号","青岛市市北区词林文化培训学校有限公司","新编日语教程1"
"370000","山东省","17","xa15818qK28a8By89LHW71Y3Z26V0s3D","日语中级1","青岛市市北区龙城路31号","青岛市市北区词林文化培训学校有限公司","日语九年级全一册"
"370000","山东省","17","y6p13X21Xz42g68V55l9E37h7o576tKE","日语","青岛市市北区龙城路31号","青岛市市北区词林文化培训学校有限公司","--"
"370000","山东省","17","z3Iyl85bF9siUX5ltQS1iO6aCw7Or85s","日语入门","青岛市市北区龙城路31号","青岛市市北区词林文化培训学校有限公司","--"
"370000","山东省","18","ruD4ehI3W2N2Y5WEEpGAGrw301ls53kU","英语","淄博健行培训学校有限公司","淄博健行培训学校有限公司","5年高考3年模拟英语"
"370000","山东省","18","G572FLi5EAcrNApw4f1nIX0bZnncW9Ew","高二日语615","济南高新国际人力资源服务产业园十楼","济南市高新区玖和柒培训学校有限公司","普通高中日语（必修三）"
"370000","山东省","18","N14C267Q177kFo8ST90Dl2NeL1WIQ07f","日语课程20260601","泰安高新区尚本文化教育培训学校","泰安高新区尚本文化教育培训学校","普通高中教科书 日语必修第一册"
"370000","山东省","18","GZ7STQ51V01m2U9g05Heg09OL5492904","高考日语听力","泰安市泰山区天诺教育培训学校","泰安市泰山区天诺教育培训学校","高中日语必修第一册"
"370000","山东省","18","G9v8nWrL71337lk40ghv9103Q6145385","高二日语630","济南高新国际人力资源服务产业园十楼","济南市高新区玖和柒培训学校有限公司","--"
"370000","山东省","18","P6Y27M2Cg27982gapNC2398M81d0Dk36","日语课程20260602","泰安高新区尚本文化教育培训学校","泰安高新区尚本文化教育培训学校","--"
"370000","山东省","18","a4b35157cfa08af1150bbe23b7bab603","日语5-1","青岛市市北区龙城路31号","青岛市市北区词林文化培训学校有限公司","日语教程"
"370000","山东省","18","adf44DqW73DG533m0r91801c15ro05al","日语5-1","青岛市市北区龙城路31号","青岛市市北区词林文化培训学校有限公司","--"
"370000","山东省","19","c8cbf805815449478bf8058154494711","日语","青岛市市北区龙城路31号","青岛市市北区词林文化培训学校有限公司","日语教程"
"370000","山东省","19","J6b3W1AED028801qX8X42SKo168ICbm8","日语5-1","青岛市市北区龙城路31号","青岛市市北区词林文化培训学校有限公司","--"
"370000","山东省","19","m45splBM5s5W93Wq9W90AW67X205qwt8","日语中级2","青岛市市北区龙城路31号","青岛市市北区词林文化培训学校有限公司","日语九年级全一册"
"370000","山东省","19","Mj132k2qa859fh04731k4tk3QD0lQV39","日语中级","青岛市市北区龙城路31号","青岛市市北区词林文化培训学校有限公司","日语八年级全一册"
"370000","山东省","19","mwGQ3nJ7Nlj67Pdi8w34t5GEYqBq0E9p","日语中级2","青岛市市北区龙城路31号","青岛市市北区词林文化培训学校有限公司","--"
"370000","山东省","19","q3Fuf9f090A00K950370bD4g13y6Wc96","日语中级试听","青岛市市北区龙城路31号","青岛市市北区词林文化培训学校有限公司","--"
"370000","山东省","19","R0Zu060wZ4w4H1dta1S6EIZ077QAU33T","日语5-3","青岛市市北区龙城路31号","青岛市市北区词林文化培训学校有限公司","--"
"370000","山东省","19","rz7X0HeECJWyzHJ0C06E5hmoF5DHSBJ4","日语5-2","青岛市市北区龙城路31号","青岛市市北区词林文化培训学校有限公司","--"
"370000","山东省","20","dAX1693c3Up12g8mT69197Ar67X9H8PL","6月日语","枣庄市峄城区三立教育培训学校","枣庄市峄城区三立教育培训学校","高中日语必修第一册"
"370000","山东省","21","N4Q51pv022Sh1Y74n1uZe5f0oM47Png9","高一日语6.11","济南高新国际人力资源服务产业园十楼","济南市高新区玖和柒培训学校有限公司","八年级全一册（日语）"
"370000","山东省","21","NnI69131ulV3807l5O2Sch8g1p5F62OX","高一日语8.6","济南高新国际人力资源服务产业园十楼","济南市高新区玖和柒培训学校有限公司","--"
"370000","山东省","21","O99f0IyrrPGS99K2B8j4YNny0189JM50","高一日语7.10","济南高新国际人力资源服务产业园十楼","济南市高新区玖和柒培训学校有限公司","--"
"370000","山东省","21","OC4On08FAsE28932Y5Y5792M369bXhM6","高一日语1.8","济南高新国际人力资源服务产业园十楼","济南市高新区玖和柒培训学校有限公司","--"
"370000","山东省","21","Pk20KsbP1jBoix7H67U6p1010Z66WZ8p","日语N2一阶班","济南高新国际人力资源服务产业园十楼","济南市高新区玖和柒培训学校有限公司","--"
"370000","山东省","21","s83H9i80hOQ06O42k9TSyK4JcG45B8Hs","高一日语6.26","济南高新国际人力资源服务产业园十楼","济南市高新区玖和柒培训学校有限公司","--"
"370000","山东省","21","vx1fYcW9m19SeeW16f9Y7i96t2m41e8B","高一日语1.22","济南高新国际人力资源服务产业园十楼","济南市高新区玖和柒培训学校有限公司","--"
"370000","山东省","21","W1q4L0k77r33685L8g2l6V2320rqq19E","高一日语5-29","济南高新国际人力资源服务产业园十楼","济南市高新区玖和柒培训学校有限公司","--"
"370000","山东省","21","wlx60Q8795DY8z2DloMz7m0705nu5O6g","高一日语10.30","济南高新国际人力资源服务产业园十楼","济南市高新区玖和柒培训学校有限公司","--"
"370000","山东省","21","xH7Ie85T4155V81H34a33r5Ii26b4788","高一日语5.26","济南高新国际人力资源服务产业园十楼","济南市高新区玖和柒培训学校有限公司","普通高中日语（必修一）"
"370000","山东省","22","oH7X7wh2M4Qp5J94Rn29yb9Z3E5db7h9","高考日语","济南市山钢新天地8号楼1606、1607","济南市高新区学仁教育培训学校有限公司","日语第二册"
"370000","山东省","23","A2Cr8Hko7H207g9TO9xvTH4Gh7DHs53o","高考日语","济南市山钢新天地8号楼1606、1607","济南市高新区学仁教育培训学校有限公司","标准日本语"
"370000","山东省","23","Ct4B3610l3U329J8l48UnTd81klb726y","高考日语","济南市山钢新天地8号楼1606、1607","济南市高新区学仁教育培训学校有限公司","日语第二册"
"370000","山东省","23","I6O4mQ32Y9g2y428r38Q37VNOP4H8l74","高考日语","济南市山钢新天地8号楼1606、1607","济南市高新区学仁教育培训学校有限公司","--"
"370000","山东省","23","TLd413x025mF9h8KhJxU78h3342FZ033","高考日语","济南市山钢新天地8号楼1606、1607","济南市高新区学仁教育培训学校有限公司","日语第三册"
"370000","山东省","24","rN6J312N6a89HKzH27vTt9maHiKKzVDF","日语培训","济南市山钢新天地8号楼1606、1607","济南市高新区学仁教育培训学校有限公司","标准日本语"
"370000","山东省","24","p7sv1X6v46824m063O3Jg73CT34d9475","日语培训","济南市山钢新天地8号楼1606、1607","济南市高新区学仁教育培训学校有限公司","日语第一册"
"370000","山东省","24","HF0Q23P6a55W4OY715G42628IO73J18l","日语自习课","青岛市市北区龙城路31号","青岛市市北区词林文化培训学校有限公司","新编日语教程1"
"370000","山东省","24","DzaV47enu1986QF2522ARaiFwN518i8m","英语","淄博健行培训学校有限公司","淄博健行培训学校有限公司","5年高考3年模拟数学"
"370000","山东省","25","Ax2l7KZg6p51S9T9DaepAmzx1w2715ma","高中日语基础班2","烟台市芝罘区富士外语培训学校","烟台市芝罘区富士外语培训学校","日语八年级全一册"
"370000","山东省","25","G25828Z1EK1477isTIZ587Hs0U14KhGc","必修强化班","烟台市芝罘区富士外语培训学校","烟台市芝罘区富士外语培训学校","日语必修第三册"
"370000","山东省","25","S99wW25ILL63FcQTLTWDSk10c4VT9BK1","必修一强化","烟台市芝罘区富士外语培训学校","烟台市芝罘区富士外语培训学校","日语 必修 第一册"
"370000","山东省","25","d17qk9B6zLN2900IWM9TWX179o3z6i6p","高中日语基础班","烟台市芝罘区富士外语培训学校","烟台市芝罘区富士外语培训学校","日语七年级全一册"
"370000","山东省","25","ybEfz4h205410uQV1Sl96TrX39WF08I1","高二3月日语","枣庄市峄城区三立教育培训学校","枣庄市峄城区三立教育培训学校","日语九年级（全一册）"
"370000","山东省","25","D123891P9c020520T5a5m4s6jFu4190m","20251201","泰安高新区尚本文化教育培训学校","泰安高新区尚本文化教育培训学校","普通高中教科书 日语必修第一册"
"370000","山东省","25","645edcb58fc64a339edcb58fc61a336a","日语","青岛市市北区郑州路43号","青岛市市北区青科文化培训学校有限公司","日语必修第一册"
"370000","山东省","26","H7ru6mk0QgMN6dm2nRiaejgYbyyqca1B","5月日语","枣庄市峄城区三立教育培训学校","枣庄市峄城区三立教育培训学校","日语九年级（全一册）"
"370000","山东省","26","WTE2727Cg3867vv54yk400Sb4287Akv7","日语20260503","泰安高新区尚本文化教育培训学校","泰安高新区尚本文化教育培训学校","普通高中教科书 日语必修第一册"
"370000","山东省","26","G175E6n490Y849XOVQjc6Wqn53W2aDcG","高考日语五十音入门","泰安市泰山区天诺教育培训学校","泰安市泰山区天诺教育培训学校","标准日本语初级上下册"
"370000","山东省","26","vyxEt9vy1F917q060K3pkLoIj56x7I76","20260404","泰安高新区尚本文化教育培训学校","泰安高新区尚本文化教育培训学校","普通高中教科书 日语选择性必修第一册"
"370000","山东省","26","Z5H5e4890m4y8h09t3QQp81m248Hp4JI","20260401","泰安高新区尚本文化教育培训学校","泰安高新区尚本文化教育培训学校","--"
"370000","山东省","26","e91882Mk6q75E13o090313598G5N586V","日语","泰安市泰山区天怡培训学校","泰安市泰山区天怡培训学校","标准日本语"
"370000","山东省","26","T11L27PhXCC617G5FV676U6090a5t4z4","日语","泰安市泰山区天怡培训学校","泰安市泰山区天怡培训学校","--"
"370000","山东省","26","R54LxB48y1YEz5Y61ASD7pB6Vk1m4ID0","日语","泰安市泰山区天怡培训学校","泰安市泰山区天怡培训学校","--"
"370000","山东省","26","rVeTupQ7A9E33BomeB16289edoP887cz","日语提升2","青岛市市北区郑州路43号","青岛市市北区青科文化培训学校有限公司","--"
"370000","山东省","27","q6SvG8092B435H7r765610755hX7f2Sw","高二日语715","济南高新国际人力资源服务产业园十楼","济南市高新区玖和柒培训学校有限公司","普通高中日语（必修一）"
"370000","山东省","27","Gzs03444134B3YFuUhSC0J18Sft3Xx38","高二日语730","济南高新国际人力资源服务产业园十楼","济南市高新区玖和柒培训学校有限公司","--"
"370000","山东省","27","s0m8WKxAW2405f4wK0519U1X6ReCfcC7","日语培训","济南市山钢新天地8号楼1606、1607","济南市高新区学仁教育培训学校有限公司","标准日本语"
"370000","山东省","27","Wgby65TUW221Wv38U30mV280750N5900","高二日语815","济南高新国际人力资源服务产业园十楼","济南市高新区玖和柒培训学校有限公司","--"
"370000","山东省","27","Ocy6y42826xToc8c891L84d06eF98UEU","日语练习","青岛市市北区龙城路31号","青岛市市北区词林文化培训学校有限公司","--"
"370000","山东省","27","XbX5c9Su9ZA9592T2z365OE26WRUZ9X2","高二日语进阶班","威海市环翠区永幸教育培训学校","威海市环翠区永幸教育培训学校","日语同步练习 九年级"
"370000","山东省","27","JLk1fB2R8P0JCZ1Qe7q2W62446E3N30s","高三日语临考班","威海市环翠区永幸教育培训学校","威海市环翠区永幸教育培训学校","日语必修 第二册"
"370000","山东省","27","d2gapuv4p732cq4G0Z9Z5419a03U6L21","高二日语830","济南高新国际人力资源服务产业园十楼","济南市高新区玖和柒培训学校有限公司","普通高中日语（必修三）"
"370000","山东省","27","SW77379n6aFvY1163n24Lio255431PM5","高二日语29","济南高新国际人力资源服务产业园十楼","济南市高新区玖和柒培训学校有限公司","--"
"370000","山东省","27","Es29F38V7z2YE0vT1mOMYB12K4088l3p","日语7年级-2","青岛市市北区龙城路31号","青岛市市北区词林文化培训学校有限公司","日语七年级全一册"
"370000","山东省","28","Rr1t7k3y843R2F623vq8FE584MFAO57X","日语7年级-1","青岛市市北区龙城路31号","青岛市市北区词林文化培训学校有限公司","--"
"370000","山东省","28","Q9sQ603753UPAYin7859OC18755jv496","日语7年级-3","青岛市市北区龙城路31号","青岛市市北区词林文化培训学校有限公司","日语七年级全一册"
"370000","山东省","28","Z850tG2ydh0ep8Tip2r0mA824A5ZR42P","日语","青岛市市北区郑州路43号","青岛市市北区青科文化培训学校有限公司","日语必修第一册"
"370000","山东省","28","o53c9T0Md6BuPT18rVP1qBDJYs92X9iJ","9月日语","枣庄市峄城区三立教育培训学校","枣庄市峄城区三立教育培训学校","高中日语选择性必修第一册"
"370000","山东省","28","Gj2SV62eGy4p6mS3m20t826YR54d759b","日语培训","济南市山钢新天地8号楼1606、1607","济南市高新区学仁教育培训学校有限公司","标准日本语"
"370000","山东省","28","NJ0imrWB4QHxe0GTNt90Ne2Qi0yrO46B","8月日语","枣庄市峄城区三立教育培训学校","枣庄市峄城区三立教育培训学校","高中日语必修第三册"
"420000","湖北省","1","Cn2o7l9BL3WvO9s3BCH6612j0O1j1jwp","日语","武汉市洪山区沐晨鑫教育培训学校有限公司","武汉市洪山区沐晨鑫教育培训学校有限公司","--"
"420000","湖北省","1","ACjRc22F98N6TModbOl2CQ6k9sH4w6j3","日语","武汉市洪山区沐晨鑫教育培训学校有限公司","武汉市洪山区沐晨鑫教育培训学校有限公司","日语"
"420000","湖北省","1","Feyk98gFQ5243O7132Lv37189vYD7Bv1","2025高考冲刺班","易考学校","武汉市洪山区易考文化培训学校有限公司","必修第三册日语"
"420000","湖北省","1","hn64C8X5Lcg10Vu744X0hr553Pe5n287","2025新高一衔接班","易考学校","武汉市洪山区易考文化培训学校有限公司","--"
"420000","湖北省","1","Lk4j745688067L67qF9bUq93CbrmnW73","2025高考冲刺班","易考学校","武汉市洪山区易考文化培训学校有限公司","--"
"420000","湖北省","1","is4741exBD3y72307s6y5879k12G2a58","2025高考冲刺班","易考学校","武汉市洪山区易考文化培训学校有限公司","--"
"420000","湖北省","1","to5In94D7uw51qZmZk5P37p31VJ6wuxQ","2024高考冲刺班","易考学校","武汉市洪山区易考文化培训学校有限公司","--"
"420000","湖北省","1","N1D45s38G6mz0GK6hY67Z27y9X6qj6Rb","日语","武汉市洪山区沐晨鑫教育培训学校有限公司","武汉市洪山区沐晨鑫教育培训学校有限公司","--"
"420000","湖北省","1","w78981Dw2d86T2x5C9Hh4Ztxurp130V1","日语","武汉市洪山区沐晨鑫教育培训学校有限公司","武汉市洪山区沐晨鑫教育培训学校有限公司","--"
"420000","湖北省","1","Tdm474n629j758Qhw9zH6Kby30T5GO4O","日语","武汉市洪山区沐晨鑫教育培训学校有限公司","武汉市洪山区沐晨鑫教育培训学校有限公司","--"
"420000","湖北省","2","f940dZVJx6a65BMJ4186VDf66N13l758","26001","武汉市洪山区沐晨鑫教育培训学校有限公司","武汉市洪山区沐晨鑫教育培训学校有限公司","--"
"420000","湖北省","2","din16is2oUGb01O4tg8DxQZlQ1fH2rm2","003","武汉市洪山区沐晨鑫教育培训学校有限公司","武汉市洪山区沐晨鑫教育培训学校有限公司","日语"
"420000","湖北省","2","uVk1i6RosA4I90C23F646d43Jn0W3e42","日语零基础","云阔教育","武汉市洪山区云阔培训学校有限公司","--"
"420000","湖北省","2","A2KU4c0194O7sp3V728ijj2t180n42p5","高中日语专项","云阔教育","武汉市洪山区云阔培训学校有限公司","高考日语基本功（作文）"
"420000","湖北省","2","b02xM6821N5187i4c3OZJ2n7tBqV5810","基础知识梳理","云阔教育","武汉市洪山区云阔培训学校有限公司","新标准日本语"
"420000","湖北省","2","s8353if9z9S274f4W3f360v62A521vu8","高中日语","云阔教育","武汉市洪山区云阔培训学校有限公司","--"
"420000","湖北省","2","yG47A7k2zATgX5187bJ02Ev66x923mur","高中日语零基础","云阔教育","武汉市洪山区云阔培训学校有限公司","--"
"420000","湖北省","2","Yu5946G13t16i731t3io6P3E28Moe5p7","高考日语作文专项","云阔教育","武汉市洪山区云阔培训学校有限公司","--"
"420000","湖北省","2","N26Kum5JL0548A5395n7NaW37smQ125w","高考日语课程一对一","云阔教育","武汉市洪山区云阔培训学校有限公司","--"
"420000","湖北省","2","PAiibpRBzfur4y0Nj7P27Gi9p57B868Y","日语","武汉市洪山区沐晨鑫教育培训学校有限公司","武汉市洪山区沐晨鑫教育培训学校有限公司","--"
"420000","湖北省","3","K0r0H18f8l28g2d03L5r7408w1QSH646","202603003","武汉市洪山区沐晨鑫教育培训学校有限公司","武汉市洪山区沐晨鑫教育培训学校有限公司","--"
"420000","湖北省","3","I9Q0676kq63538TU1vY5YKjUEX2j02k8","2603001","武汉市洪山区沐晨鑫教育培训学校有限公司","武汉市洪山区沐晨鑫教育培训学校有限公司","日语"
"420000","湖北省","3","upOPN61H1G9X2u0bdy0v426hQ7537x1l","2026009","武汉市洪山区沐晨鑫教育培训学校有限公司","武汉市洪山区沐晨鑫教育培训学校有限公司","--"
"420000","湖北省","4","RRdw6zK38y8a96Rx3696s60o2J4MG1x2","基础日语","云阔教育","武汉市洪山区云阔培训学校有限公司","--"
"430000","湖南省","1","0e3226ca848b1015f5ecd9c202ecbf82","高中日语课程","长沙市岳麓区黑马智慧教育培训学校有限公司","长沙市岳麓区黑马智慧教育培训学校有限公司","高中日语必修(第三册)"
"430000","湖南省","1","240215ab62974764cd4e7eeca3f1f5dd","高一日语","长沙县远山教育培训学校","长沙县远山教育培训学校","日语七年级全一册"
"430000","湖南省","1","64d80e93602a6d68e2f5cc659aa2134d","高三日语1对1","长沙高新开发区东洋外语培训学校有限公司","长沙高新开发区东洋外语培训学校有限公司","新编日语教程"
"430000","湖南省","1","6bcea0002c6bff676a6515d9d715ab54","日语班（高一）","怀化市鹤城区经纬培训学校有限公司","怀化市鹤城区经纬培训学校有限公司","--"
"430000","湖南省","1","7504569d2b924c2184569d2b924c2199","高一日语课程","长沙县远山教育培训学校","长沙县远山教育培训学校","--"
"430000","湖南省","1","dF9s95aA2sqy1f3mF080tzB3OUE446Pw","高考日语","长沙高新开发区东洋外语培训学校有限公司","长沙高新开发区东洋外语培训学校有限公司","--"
"430000","湖南省","1","dA01Cefqj622F7Ph52O59qY09F787Xn6","日语面授小班课","长沙市岳麓区一鸿启航培训学校","长沙市岳麓区一鸿启航教育培训学校有限公司","人教版日语教材"
"430000","湖南省","1","b95p5moc306yf8705m3cmih0EXQfg8HH","2023年暑假日语班","长沙市天心区文都培训学校有限公司","长沙市天心区文都培训学校有限公司","新编日语教程"
"430000","湖南省","1","5511032849b5457e91032849b5557eb5","兴趣日语","怀化市鹤城区经纬培训学校有限公司","怀化市鹤城区经纬培训学校有限公司","标准日本语初级(下)"
"430000","湖南省","1","C338r5WM38416811rs700M02244FNR9t","全日制课程初级上（一）","长沙市岳麓区行知研语培训学校有限公司","长沙市岳麓区行知研语培训学校有限公司","大家的日语标准习题集初级1"
"430000","湖南省","2","90c5aab93df34e9b85aab93df35e9b4d","日语","长沙市岳麓区艺路文铖培训学校有限公司","长沙市岳麓区艺路文铖培训学校有限公司","--"
"430000","湖南省","2","115f44b8103f45809f44b8103f558051","日语解密","长沙市岳麓区互鉴教育培训学校","长沙市岳麓区知诺培训学校有限公司","--"
"430000","湖南省","2","60c6cc6b252544d386cc6b2525c4d35b","日本语全日制课程（初级上）","长沙市岳麓区行知研语培训学校有限公司","长沙市岳麓区行知研语培训学校有限公司","大家的日语标准习题集初级1"
"430000","湖南省","2","ARl3959z4495l48MS4JvuG17e71D32ll","怀化三中日语班晚课(晚自习)","怀化市鹤城区经纬培训学校有限公司","怀化市鹤城区经纬培训学校有限公司","标准日本语初级(下)"
"430000","湖南省","2","a7g86Mfj14SGo5Pk783o44vObsyp1mz6","高中日语试听课","长沙市岳麓区一鸿启航培训学校","长沙市岳麓区一鸿启航教育培训学校有限公司","人教版日语教材"
"430000","湖南省","2","d09ee5228e2e0eb274992df86b69b934","留学日语","长沙高新开发区东洋外语培训学校有限公司","长沙高新开发区东洋外语培训学校有限公司","新编日语教程"
"430000","湖南省","2","c607d3b2c100415187d3b2c100c151a2","测试课程","长沙市雨花区语加教育培训学校有限公司","长沙市雨花区语加教育培训学校有限公司","义务教育教科书"
"430000","湖南省","2","b30145ca058a41b08145ca058a61b0d1","日本语全日制课程（初级下）","长沙市岳麓区行知研语培训学校有限公司","长沙市岳麓区行知研语培训学校有限公司","大家的日语句型练习册初级2"
"430000","湖南省","2","cca30520115d42eaa30520115dd2ea3b","高中日语","长沙市雨花区语加教育培训学校有限公司","长沙市雨花区语加教育培训学校有限公司","--"
"430000","湖南省","3","05c03f4e1a084b03803f4e1a080b0335","测试课","长沙市岳麓区行知研语培训学校有限公司","长沙市岳麓区行知研语培训学校有限公司","大家的日语初级1"
"430000","湖南省","3","Ai0kr842Z63ZNEmT3P5470zty301Qv09","高中日语试听课","长沙市岳麓区一鸿启航培训学校","长沙市岳麓区一鸿启航教育培训学校有限公司","--"
"430000","湖南省","3","A5068Rb950f41Vu9Zm9Odk1lZ0q6bg5M","全日制课程高级","长沙市岳麓区行知研语培训学校有限公司","长沙市岳麓区行知研语培训学校有限公司","新日语能力考试考前对策 语法"
"430000","湖南省","3","a13s716C0Z5aR5yHNi5K31t70bO8Og59","高中日语试听课","长沙市岳麓区一鸿启航培训学校","长沙市岳麓区一鸿启航教育培训学校有限公司","人教版日语教材"
"430000","湖南省","3","h1Ty188d53E80Y97sp93u8M1453q7AN6","全日制课程中级","长沙市岳麓区行知研语培训学校有限公司","长沙市岳麓区行知研语培训学校有限公司","大家的日语中级2"
"430000","湖南省","3","iO4247193UDammF9673Cs36999zH2768","高考日语冲刺课程","长沙高新开发区东洋外语培训学校有限公司","长沙高新开发区东洋外语培训学校有限公司","大家的日语中级1"
"430000","湖南省","3","KA5C815058n26321VsI45II517120gRd","2024年秋季日语1班","长沙市天心区文都培训学校有限公司","长沙市天心区文都培训学校有限公司","新编日语教程"
"430000","湖南省","3","k6Cje32898C4lKit091BOP544c656AmG","全日制课程初级上","长沙市岳麓区行知研语培训学校有限公司","长沙市岳麓区行知研语培训学校有限公司","大家的日语标准习题集初级1"
"430000","湖南省","4","k7L547138423U0pn8jNFe0E5s9fh7Xnu","高考日语","长沙高新开发区东洋外语培训学校有限公司","长沙高新开发区东洋外语培训学校有限公司","--"
"430000","湖南省","4","K620BM38S6r8pLB96230C6s01922518f","日语寒假集训班","长沙高新开发区东洋外语培训学校有限公司","长沙高新开发区东洋外语培训学校有限公司","--"
"430000","湖南省","4","hokIaZ4771512a77371ehm0sDNiX9Pn6","2023年秋季日语1班","长沙市天心区文都培训学校有限公司","长沙市天心区文都培训学校有限公司","新编日语教程"
"430000","湖南省","4","H98m6V4424z6z873296I7Ujd17g7cq00","日语入门课","长沙县远山教育培训学校","长沙县远山教育培训学校","--"
"430000","湖南省","4","e89423loL98Ks1X6N81P457268c92010","全日制课程初级上（三）","长沙市岳麓区行知研语培训学校有限公司","长沙市岳麓区行知研语培训学校有限公司","大家的日语标准习题集初级1"
"430000","湖南省","4","eNXv811Pt73101R502261296F77241AE","高考日语入门班","长沙县远山教育培训学校","长沙县远山教育培训学校","日语七年级全一册"
"430000","湖南省","4","EEs1Y6R375h8Jt8l58F5268Z56XNN3o6","高考日语202311","长沙高新开发区东洋外语培训学校有限公司","长沙高新开发区东洋外语培训学校有限公司","新编日语教程"
"430000","湖南省","4","M6H148z04BW51111201425inn7V77570","高三日语精讲班","郴州市苏仙区智怀戴氏教育培训学校有限公司","郴州市苏仙区智怀戴氏教育培训学校有限公司","标准日本语"
"430000","湖南省","4","mj8rS8wweGP2SXRh1Iy7P28E5r5J8kA8","日语班","怀化市鹤城区经纬培训学校有限公司","怀化市鹤城区经纬培训学校有限公司","标准日本语初级(下)"
"430000","湖南省","5","G924Sbj98h14359ej82L371F14932G5H","日语202510","长沙市岳麓区黑马智慧教育培训学校有限公司","长沙市岳麓区黑马智慧教育培训学校有限公司","高中日语必修(第三册)"
"430000","湖南省","5","gg9aqXM7sAF4Dts270f1sE2wtw8A70R2","日语","隆回县桃李源培训学校","隆回县桃李源培训学校","--"
"430000","湖南省","5","i11kNkX95mTb160vI23O3DYJ71006Nl0","高中英语课程","长沙市岳麓区互鉴教育培训学校","长沙市岳麓区知诺培训学校有限公司","--"
"430000","湖南省","5","I1FbXYsa029ypb781j2anuJ86XUWe02e","考级日语","长沙高新开发区东洋外语培训学校有限公司","长沙高新开发区东洋外语培训学校有限公司","大家的日语中级1"
"430000","湖南省","5","HD96inNj0pq3AiW74YFZA8Y8wE64u7o3","考级日语","长沙高新开发区东洋外语培训学校有限公司","长沙高新开发区东洋外语培训学校有限公司","新编日语教程"
"430000","湖南省","5","hR7S9HnTgbK179fG52bF6r7OCh78773K","高中寒假英语","长沙市岳麓区互鉴教育培训学校","长沙市岳麓区知诺培训学校有限公司","5年高考3年模拟"
"430000","湖南省","5","GZ890wKV501iC294qo2l2jl5eHEJI9Kl","高中日语试听课","长沙市岳麓区一鸿启航培训学校","长沙市岳麓区一鸿启航教育培训学校有限公司","人教版日语教材"
"430000","湖南省","6","ld11Eh8CWIOl275F7038ZmBzBZ6LZ4g1","综合应用日语","长沙高新开发区东洋外语培训学校有限公司","长沙高新开发区东洋外语培训学校有限公司","新编日语教程"
"430000","湖南省","6","iRiNN752546131W3e1dM6g6UP8ElT10d","日语","隆回县桃李源培训学校","隆回县桃李源培训学校","高中日语词汇专项"
"430000","湖南省","6","kjO6Y08iY6LQ22r54l6obv786No327g2","日语高三复习班","怀化市鹤城区经纬培训学校有限公司","怀化市鹤城区经纬培训学校有限公司","标准日本语初级(下)"
"430000","湖南省","6","KwtP281J9D7LxN5CA5426SzTkO3tX1y0","高中英语","长沙市岳麓区互鉴教育培训学校","长沙市岳麓区知诺培训学校有限公司","5年高考3年模拟"
"430000","湖南省","6","N2g690047P6s7k014ptia11FbbHM66iU","0816日语","长沙市岳麓区黑马智慧教育培训学校有限公司","长沙市岳麓区黑马智慧教育培训学校有限公司","高中日语必修(第三册)"
"430000","湖南省","6","N7qsE5612776p64IUy22R7bm9eK58j73","高考日语","长沙高新开发区东洋外语培训学校有限公司","长沙高新开发区东洋外语培训学校有限公司","--"
"430000","湖南省","6","P8K3F3R4nl35I50zn3Wx8eSNNxD977I5","2024年秋季日语1班","长沙市天心区文都培训学校有限公司","长沙市天心区文都培训学校有限公司","新编日语教程"
"430000","湖南省","7","oX75T85zN8D2R5id0G8AMn3B3jia103E","2504高日冲刺（2班）","长沙市岳麓区黑马智慧教育培训学校有限公司","长沙市岳麓区黑马智慧教育培训学校有限公司","--"
"430000","湖南省","7","NR658u551469O2Uk08H5w5MJ3B2cQKM4","2504高日冲刺(1班）","长沙市岳麓区黑马智慧教育培训学校有限公司","长沙市岳麓区黑马智慧教育培训学校有限公司","高中日语必修(第三册)"
"430000","湖南省","7","NKTtW938wkAR49agHhy8t1739c376Fp0","高中日语试听课","长沙市岳麓区一鸿启航培训学校","长沙市岳麓区一鸿启航教育培训学校有限公司","人教版日语教材"
"430000","湖南省","7","nHk475I78184QJ4781x98Zk0sRF85gfO","全日制课程初级中（二）","长沙市岳麓区行知研语培训学校有限公司","长沙市岳麓区行知研语培训学校有限公司","大家的日语句型练习册初级2"
"430000","湖南省","7","NVf02nKh9ol01WXTdL746yt47Sp77683","日语兴趣班2024","长沙县远山教育培训学校","长沙县远山教育培训学校","日语七年级全一册"
"430000","湖南省","7","kDjQhp5kT7q246zX41g82FE36C3033EQ","高考日语冲刺课程","长沙高新开发区东洋外语培训学校有限公司","长沙高新开发区东洋外语培训学校有限公司","大家的日语中级1"
"430000","湖南省","7","LG5eIE3H79ZUd0td75xo30x267Z71a54","测试班","长沙市岳麓区一鸿启航培训学校","长沙市岳麓区一鸿启航教育培训学校有限公司","新经典日本语第二册"
"430000","湖南省","7","KRVUw47O2On771D0A5Z0AVB19E511437","高一日语","长沙市天心区澳领培训学校有限公司","长沙市天心区澳领培训学校有限公司","--"
"430000","湖南省","8","kpy9y8N658503He0L68X4L9k5Bh2LbZU","2504高中人教日语","长沙市岳麓区黑马智慧教育培训学校有限公司","长沙市岳麓区黑马智慧教育培训学校有限公司","高中日语必修(第三册)"
"430000","湖南省","8","lo682XK9ts8P0o1K9Sm45fjl12U32L68","高中日语2","长沙市岳麓区黑马智慧教育培训学校有限公司","长沙市岳麓区黑马智慧教育培训学校有限公司","--"
"430000","湖南省","8","kq6631s36180Qf4903N16dk8Cpz27CPS","全日制课程初级上","长沙市岳麓区行知研语培训学校有限公司","长沙市岳麓区行知研语培训学校有限公司","大家的日语标准习题集初级1"
"430000","湖南省","8","kOj66xw45V60O7aJ8W012r36cdNN5A4Q","全日制课程初级下（二）","长沙市岳麓区行知研语培训学校有限公司","长沙市岳麓区行知研语培训学校有限公司","大家的日语句型练习册初级2"
"430000","湖南省","8","TtFePZ1l9P4K6NxtS587mX13859816Wk","高中日语试听课","长沙市岳麓区一鸿启航培训学校","长沙市岳麓区一鸿启航教育培训学校有限公司","人教版日语教材"
"430000","湖南省","8","U52vz1OgM3r6XI99F25X4LzS2wqU0tu0","日语入门课","长沙县远山教育培训学校","长沙县远山教育培训学校","--"
"430000","湖南省","8","U70xav23767KHkN18JVDv20iK78Ipx6A","2023年暑假日语1班","长沙市天心区文都培训学校有限公司","长沙市天心区文都培训学校有限公司","新编日语教程"
"430000","湖南省","8","r1Xyby28294Zuw0X8Qi6022n1Q31s7ng","高考日语暑期集训","长沙高新开发区东洋外语培训学校有限公司","长沙高新开发区东洋外语培训学校有限公司","新编日语教程"
"430000","湖南省","8","pU145eFP384018Ya1hJ90BW38X984tQ6","日语提升班","长沙县远山教育培训学校","长沙县远山教育培训学校","日语七年级全一册"
"430000","湖南省","8","rLAB44YU18C97278s2zro99xi2LX3A4S","日语寒假集训班","长沙高新开发区东洋外语培训学校有限公司","长沙高新开发区东洋外语培训学校有限公司","--"
"430000","湖南省","9","r81v3yLg33G2L9CF52j93K000Ct0utv8","日语高级班202304","长沙市岳麓区黑马智慧教育培训学校有限公司","长沙市岳麓区黑马智慧教育培训学校有限公司","高中日语必修(第三册)"
"430000","湖南省","9","qf2htx0HNUg7v4j1502c30t4P1B576Se","2025秋季强化日语班","长沙市天心区文都培训学校有限公司","长沙市天心区文都培训学校有限公司","新编日语教程"
"430000","湖南省","9","pbR9u969DgGpX8x42nWW61PY164R97C2","全日制课程初级上","长沙市岳麓区行知研语培训学校有限公司","长沙市岳麓区行知研语培训学校有限公司","大家的日语标准习题集初级1"
"430000","湖南省","9","V864w5d82000622561q80S884B6VB74s","过级日语","长沙县远山教育培训学校","长沙县远山教育培训学校","新版标准日本语初级上"
"430000","湖南省","9","UqM9a7P0pn6327GW2tO693py1I56ULLD","高三日语冲刺班","郴州市苏仙区智怀戴氏教育培训学校有限公司","郴州市苏仙区智怀戴氏教育培训学校有限公司","标准日本语"
"430000","湖南省","9","V54n3b25p9Q8p3X82EO9MYayWn7ge8e0","高考日语课程","长沙高新开发区东洋外语培训学校有限公司","长沙高新开发区东洋外语培训学校有限公司","--"
"430000","湖南省","9","sCnvWoUr72iB658d2j37y6R916556582","日语N2考级冲刺课程","长沙高新开发区东洋外语培训学校有限公司","长沙高新开发区东洋外语培训学校有限公司","--"
"430000","湖南省","9","sd0m88T5WEKkV596DXPk5H65Ij7EiX8v","日语考级冲刺课程","长沙高新开发区东洋外语培训学校有限公司","长沙高新开发区东洋外语培训学校有限公司","--"
"430000","湖南省","9","s8z6068299kFWx89BU16vI629Jlc56G4","日语口语特色课程","长沙高新开发区东洋外语培训学校有限公司","长沙高新开发区东洋外语培训学校有限公司","新编日语教程"
"430000","湖南省","9","R1E5vc058W5UOl0l2i7uAi1kD78N1yz3","高考日语冲刺班","长沙高新开发区东洋外语培训学校有限公司","长沙高新开发区东洋外语培训学校有限公司","大家的日语中级1"
"430000","湖南省","10","t458GG6x36Q1137m8K02sPXR02c9j12G","2024年上学期日语考级课程","长沙高新开发区东洋外语培训学校有限公司","长沙高新开发区东洋外语培训学校有限公司","--"
"430000","湖南省","10","SLRNR0br7R129Lklx5r7D2QkQ34ck642","高考日语课程","长沙高新开发区东洋外语培训学校有限公司","长沙高新开发区东洋外语培训学校有限公司","新编日语教程"
"430000","湖南省","10","unzkxwNz3m5116q1cR4439H9J54PH436","日语口语课","长沙高新开发区东洋外语培训学校有限公司","长沙高新开发区东洋外语培训学校有限公司","--"
"430000","湖南省","10","uNa3854SB1Ph4rIXc0Wm2F0H0z9X256P","考级课程","长沙高新开发区东洋外语培训学校有限公司","长沙高新开发区东洋外语培训学校有限公司","大家的日语中级1"
"430000","湖南省","10","U4mnu72D5SZq9651C6ka86P89zB463t7","日语","隆回县桃李源培训学校","隆回县桃李源培训学校","高中日语词汇专项"
"430000","湖南省","10","u8N2EZY644kPY4QPo355tQ357RF92o8Y","日语暑期集训","长沙高新开发区东洋外语培训学校有限公司","长沙高新开发区东洋外语培训学校有限公司","高考日语作文训练"
"430000","湖南省","10","V7r36592O5fF6o7Isd378vg4W0E25Q6O","日语20250331","长沙市岳麓区黑马智慧教育培训学校有限公司","长沙市岳麓区黑马智慧教育培训学校有限公司","高中日语必修(第三册)"
"430000","湖南省","10","Vc88080XLbSwsxL7O2195U9BH401iB11","高三第一轮复习","怀化市鹤城区经纬培训学校有限公司","怀化市鹤城区经纬培训学校有限公司","--"
"430000","湖南省","10","n1359rzQBs3U2yiY37yTG7pHpx5JX4xW","高中日语试听课","长沙市岳麓区一鸿启航培训学校","长沙市岳麓区一鸿启航教育培训学校有限公司","人教版日语教材"
"430000","湖南省","10","ME6GwZsnm791DW56iz75g9v8pb844e8x","日语班高三","怀化市鹤城区经纬培训学校有限公司","怀化市鹤城区经纬培训学校有限公司","标准日本语初级(下)"
"430000","湖南省","11","U4MTrI6e6y389sUN9wmi65022EsFZR83","日语 高考班","怀化市鹤城区经纬培训学校有限公司","怀化市鹤城区经纬培训学校有限公司","标准日本语初级(下)"
"430000","湖南省","12","e491069803b203674dfcd7de528f9b07","日语","长沙高新开发区东洋外语培训学校有限公司","长沙高新开发区东洋外语培训学校有限公司","新编日语教程"
"430000","湖南省","12","I7eFssXP69SI106mO97s80Jg44wI51QN","日语考级冲刺课程","长沙高新开发区东洋外语培训学校有限公司","长沙高新开发区东洋外语培训学校有限公司","大家的日语中级1"
"430000","湖南省","12","J41Vb8VD2O8F34U790139zMww971ioyv","考级日语2311","长沙高新开发区东洋外语培训学校有限公司","长沙高新开发区东洋外语培训学校有限公司","新编日语教程"
"430000","湖南省","12","i8Vn61QK72W05T71Y17mE5wOo2fTNK90","全日制课程初级中（三）","长沙市岳麓区行知研语培训学校有限公司","长沙市岳麓区行知研语培训学校有限公司","大家的日语句型练习册初级2"
"430000","湖南省","12","mM0SZQD5nsD8fC2X155334I01VN18NWy","留学日语","长沙高新开发区东洋外语培训学校有限公司","长沙高新开发区东洋外语培训学校有限公司","--"
"430000","湖南省","12","l0k4420c72d1014DMN6H0t8vm8d0FOXu","日语考级课程","长沙高新开发区东洋外语培训学校有限公司","长沙高新开发区东洋外语培训学校有限公司","--"
"430000","湖南省","12","N9v428YIk6A770787f4q6pX49I97C51W","2025日语","长沙市岳麓区黑马智慧教育培训学校有限公司","长沙市岳麓区黑马智慧教育培训学校有限公司","高中日语必修(第三册)"
"430000","湖南省","12","N51SIi4a224VykN1P3p806247mzF20G2","日语N2考级冲刺课程","长沙高新开发区东洋外语培训学校有限公司","长沙高新开发区东洋外语培训学校有限公司","--"
"430000","湖南省","12","o6885BNJ4gsplu1Ol57684KEr6sRf9FL","日语考级冲刺课程","长沙高新开发区东洋外语培训学校有限公司","长沙高新开发区东洋外语培训学校有限公司","--"
"430000","湖南省","13","Ra4C91b2666gidVWV2052fLlO146O1rV","25高中人教日语","长沙市岳麓区黑马智慧教育培训学校有限公司","长沙市岳麓区黑马智慧教育培训学校有限公司","高中日语必修(第三册)"
"430000","湖南省","13","r690vflSl802354xSAl810l4RT40i8k8","全日制课程初级上（二）","长沙市岳麓区行知研语培训学校有限公司","长沙市岳麓区行知研语培训学校有限公司","大家的日语标准习题集初级1"
"430000","湖南省","13","rQpiP8n9to4Y45ne6h30m1xWuvYJuX83","日语入门课","长沙县远山教育培训学校","长沙县远山教育培训学校","新版标准日本语初级上"
"430000","湖南省","13","y01Hmz92LB3LW5808773b1ehn21wSCKf","高考日语暑期集训","长沙高新开发区东洋外语培训学校有限公司","长沙高新开发区东洋外语培训学校有限公司","新编日语教程"
"430000","湖南省","13","x5n6x4MJ6v1Qt07iEtV8pa7996EOpz91","全日制课程初级中","长沙市岳麓区行知研语培训学校有限公司","长沙市岳麓区行知研语培训学校有限公司","大家的日语句型练习册初级2"
"430000","湖南省","13","Wo1UwxP1SngoD98991N3b33434px7n71","日语班高三","怀化市鹤城区经纬培训学校有限公司","怀化市鹤城区经纬培训学校有限公司","标准日本语初级(下)"
"430000","湖南省","13","x33y56p149C7y1aj1E216894elU23ub3","日语班高三","怀化市鹤城区经纬培训学校有限公司","怀化市鹤城区经纬培训学校有限公司","--"
"430000","湖南省","13","vp1L88h42U68F1O6a7Lix933fv027p3F","高中英语","长沙市岳麓区互鉴教育培训学校","长沙市岳麓区知诺培训学校有限公司","5年高考3年模拟"
"430000","湖南省","13","w52M2H4S598905f6824Pu877108Gu9P1","高中日语试听课","长沙市岳麓区一鸿启航培训学校","长沙市岳麓区一鸿启航教育培训学校有限公司","人教版日语教材"
"430000","湖南省","14","w5DRF20F5Yv5IqPuvAJaM3827Wn16f4U","高中日语2024","长沙市岳麓区黑马智慧教育培训学校有限公司","长沙市岳麓区黑马智慧教育培训学校有限公司","高中日语必修(第三册)"
"430000","湖南省","14","wA0331idH3yf5Nb32o8F40k8wyInv2o0","2024年春季日语1班","长沙市天心区文都培训学校有限公司","长沙市天心区文都培训学校有限公司","新编日语教程"
"430000","湖南省","14","vyZJEALaS87k41jbTEP3HC22z747AY2k","日语考级课程","长沙高新开发区东洋外语培训学校有限公司","长沙高新开发区东洋外语培训学校有限公司","新编日语教程"
"430000","湖南省","14","ZT3wwQWIVG97H20iv4ZPZ8G9G719ov93","506","长沙高新开发区东洋外语培训学校有限公司","长沙高新开发区东洋外语培训学校有限公司","--"
"430000","湖南省","14","y3r5Z31s507b2fvs218Z3283205J3R0H","2025年春季日语1班","长沙市天心区文都培训学校有限公司","长沙市天心区文都培训学校有限公司","--"
"430000","湖南省","14","Ye26X5XdE8w80C61107Fc761GZXC4086","日语入门班","长沙高新开发区东洋外语培训学校有限公司","长沙高新开发区东洋外语培训学校有限公司","--"
"430000","湖南省","14","y5y348akJ0f2722zlhj7y3u6085D0ZpQ","日语口语课程","长沙高新开发区东洋外语培训学校有限公司","长沙高新开发区东洋外语培训学校有限公司","新编日语教程"
"430000","湖南省","14","Y9280Q732Zc27M834j5gJiDNzh42M459","全日制课程初级下","长沙市岳麓区行知研语培训学校有限公司","长沙市岳麓区行知研语培训学校有限公司","大家的日语标准习题集中级1"
"430000","湖南省","14","WItRXUw2I0P8YkWkM0ye0K645COIJ2C8","日语考级冲刺课程","长沙高新开发区东洋外语培训学校有限公司","长沙高新开发区东洋外语培训学校有限公司","大家的日语中级1"
"430000","湖南省","14","WML4NaCvOnu6Y211c35n50E7E65TaJ85","高中1对1","长沙市天心区澳领培训学校有限公司","长沙市天心区澳领培训学校有限公司","--"
"430000","湖南省","15","W70X4fx8YMIJ5XD916l721o7lkzX92TU","全日制课程初级上（三）","长沙市岳麓区行知研语培训学校有限公司","长沙市岳麓区行知研语培训学校有限公司","大家的日语标准习题集初级1"
"430000","湖南省","15","z318oB797BxS86545lL3bm674236A775","日语试听课","长沙市岳麓区一鸿启航培训学校","长沙市岳麓区一鸿启航教育培训学校有限公司","人教版日语教材"
"430000","湖南省","15","Xkz389y39LJ5pB8CDou0728591671139","高一日语班课","长沙市天心区澳领培训学校有限公司","长沙市天心区澳领培训学校有限公司","--"
"430000","湖南省","15","UVCO6171k911eDCfZF49PK2b295W7i80","高一日语秋","长沙市天心区澳领培训学校有限公司","长沙市天心区澳领培训学校有限公司","普通高中教科书日语必修"
"430000","湖南省","15","z2820K6Cv21oF3bpr6jCk439jEgVSLHk","全日制课程初级上（二）","长沙市岳麓区行知研语培训学校有限公司","长沙市岳麓区行知研语培训学校有限公司","--"
"430000","湖南省","15","z2I3dxYIfl05431y9538o1n8WkIS605v","日语0401","长沙市岳麓区黑马智慧教育培训学校有限公司","长沙市岳麓区黑马智慧教育培训学校有限公司","高中日语必修(第三册)"
"430000","湖南省","15","Z2l6102uQmr9DJt2vP2VjxaPW30F21n8","高中日语初级","长沙市岳麓区一鸿启航培训学校","长沙市岳麓区一鸿启航教育培训学校有限公司","人教版日语教材"
"430000","湖南省","15","wTshv56m2840t71LI78yqya57p5f3360","高一体验课","长沙市天心区澳领培训学校有限公司","长沙市天心区澳领培训学校有限公司","--"
"430000","湖南省","15","Ou6778d7cgN8H83k603O2pf0699q32LI","2602","长沙高新开发区东洋外语培训学校有限公司","长沙高新开发区东洋外语培训学校有限公司","高考日语作文训练"
"430000","湖南省","15","p6Jp4J4b912471Lh775Z13Te17fw83q5","考级日语","长沙高新开发区东洋外语培训学校有限公司","长沙高新开发区东洋外语培训学校有限公司","大家的日语中级1"
"430000","湖南省","16","B2P4c04L2xkN746cX543317gs41r160e","日语考级课程","长沙高新开发区东洋外语培训学校有限公司","长沙高新开发区东洋外语培训学校有限公司","大家的日语中级1"
"430000","湖南省","16","UsunqYX275d6I694DZ2r8U067goAD86i","高中日语","长沙市岳麓区一鸿启航培训学校","长沙市岳麓区一鸿启航教育培训学校有限公司","--"
"430000","湖南省","16","l6vmO5a3y425030YcA7b5209297jTf15","12315","长沙市岳麓区一鸿启航培训学校","长沙市岳麓区一鸿启航教育培训学校有限公司","--"
"430000","湖南省","16","o90iZm4dq28244DMH328J278za3q4207","高中日语","长沙市岳麓区一鸿启航培训学校","长沙市岳麓区一鸿启航教育培训学校有限公司","人教版日语教材"
"430000","湖南省","17","dJI7301L28lIA813071VI7AI570BTdM1","日语N2试听课","长沙市岳麓区言吉教育培训学校有限公司","长沙市岳麓区言吉教育培训学校有限公司","标准日本语中级上册"
"430000","湖南省","17","f88v7F56DDB8HB36wZ128F9lsfo7OuU9","高中日语零基础班","长沙市岳麓区言吉教育培训学校有限公司","长沙市岳麓区言吉教育培训学校有限公司","人教版日语教材"
"430000","湖南省","17","g1LYl351i05rsr5i23Us11cY9O3u1zeT","零基础试听课20241219","长沙市岳麓区言吉教育培训学校有限公司","长沙市岳麓区言吉教育培训学校有限公司","标准日本语初级上册"
"430000","湖南省","17","q412f41f1e457TH5XXN201P45xPR47b2","日语零基础1班","长沙市岳麓区言吉教育培训学校有限公司","长沙市岳麓区言吉教育培训学校有限公司","--"
"430000","湖南省","17","v4Uy0F10z1iZ2jTT0a5H2Ib95y49h1yh","零基础试听课","长沙市岳麓区言吉教育培训学校有限公司","长沙市岳麓区言吉教育培训学校有限公司","--"
"430000","湖南省","17","V88s1H7NK1Z1889570RENs87u3JIi8Xs","零基础班","长沙市岳麓区言吉教育培训学校有限公司","长沙市岳麓区言吉教育培训学校有限公司","--"
"430000","湖南省","17","x49acZ5v0227K3w37PITVM1N0on9N717","零基础试听课","长沙市岳麓区言吉教育培训学校有限公司","长沙市岳麓区言吉教育培训学校有限公司","标准日本语初级下册"
"430000","湖南省","17","Zjk65e41kj4A35K9pvLZ73W8ma7980s5","日语零基础班","长沙市岳麓区言吉教育培训学校有限公司","长沙市岳麓区言吉教育培训学校有限公司","--"
"430000","湖南省","17","yDR2XL46g5Z3n8wqJ9895d8fQz1kpu8g","日语","隆回县桃李源培训学校","隆回县桃李源培训学校","高中日语词汇专项"
"430000","湖南省","17","y85F3A3P28MK2K3869A5c9wuQ5vm0n32","日语","隆回县桃李源培训学校","隆回县桃李源培训学校","高考日语"
"430000","湖南省","18","o944x009N5E1Tk6ZD7xKj4T5O1BJG942","日语班","长沙市岳麓区言吉教育培训学校有限公司","长沙市岳麓区言吉教育培训学校有限公司","--"
"430000","湖南省","18","yL70787S748yJ8g4u6970L3cE6MAz64b","2026年春季日语1班","长沙市天心区文都培训学校有限公司","长沙市天心区文都培训学校有限公司","新编日语教程"
"430000","湖南省","18","Da9AtNe8q6QMDHXi3tp9nSaT78lJf77K","日语考级课程","长沙高新开发区东洋外语培训学校有限公司","长沙高新开发区东洋外语培训学校有限公司","大家的日语中级1"
"430000","湖南省","18","K5h0UUdFG90j8027664887KpFLH3at48","2604日语班","长沙市岳麓区黑马智慧教育培训学校有限公司","长沙市岳麓区黑马智慧教育培训学校有限公司","高中日语必修(第三册)"
"430000","湖南省","18","Q54nezK4f14wlO6oZ1CwI7601401Y9d4","高考日语冲刺","长沙高新开发区东洋外语培训学校有限公司","长沙高新开发区东洋外语培训学校有限公司","高考日语作文训练"
"430000","湖南省","18","ptv124Dj5811JS04v41n3CXEle1gVS6M","日语","隆回县桃李源培训学校","隆回县桃李源培训学校","高中日语词汇专项"
"430000","湖南省","18","z294ZG311u4Vb809Yxj5qxuA76x7c24M","日语考级课程","长沙高新开发区东洋外语培训学校有限公司","长沙高新开发区东洋外语培训学校有限公司","新编日语教程"
"430000","湖南省","18","mc1sYt46BdfT6R3lkp5v5753IZ0Cs703","日语考级课题","长沙高新开发区东洋外语培训学校有限公司","长沙高新开发区东洋外语培训学校有限公司","--"
"430000","湖南省","19","kr3dO28C09099G66P5ZcvS73cLzWFR8J","高考冲刺","长沙高新开发区东洋外语培训学校有限公司","长沙高新开发区东洋外语培训学校有限公司","高考日语作文训练"
"430000","湖南省","19","y8136O6E63W6a02X8AnXfjl8xu2t2n28","高考日语冲刺","长沙高新开发区东洋外语培训学校有限公司","长沙高新开发区东洋外语培训学校有限公司","--"
"430000","湖南省","19","PS085hIvcl4E886pn2ZI1f5a5UC38a1R","高考冲刺课程","长沙高新开发区东洋外语培训学校有限公司","长沙高新开发区东洋外语培训学校有限公司","--"
"430000","湖南省","19","V75R412P0n019JS28X21Al54T1W838Ow","2602日语","长沙市岳麓区黑马智慧教育培训学校有限公司","长沙市岳麓区黑马智慧教育培训学校有限公司","--"
"430000","湖南省","19","kk43du62tS74i2v8lnv14472K6S81520","202607日语","长沙市岳麓区黑马智慧教育培训学校有限公司","长沙市岳麓区黑马智慧教育培训学校有限公司","高中日语必修(第三册)"
"430000","湖南省","19","z54PWVCD66X4r6ez2404Uu9Y9C54y0mb","日语入门班","长沙市天心区文都培训学校有限公司","长沙市天心区文都培训学校有限公司","新编日语教程"
"430000","湖南省","19","c6926O1903sB0p5Gp9p89w4oT95UeN2o","日语学习课","长沙市望城区唯优启智教育培训学校有限公司","长沙市望城区唯优启智教育培训学校有限公司","--"
"430000","湖南省","19","FKk3F1y1V79oR2p2Ju354b85fn8J1N81","日语巩固练习课","长沙市望城区唯优启智教育培训学校有限公司","长沙市望城区唯优启智教育培训学校有限公司","日语必修第一册"
"430000","湖南省","20","M043ifFq4q6b77uk71F6f6L7n5O4hGBc","日语练习课","长沙市望城区唯优启智教育培训学校有限公司","长沙市望城区唯优启智教育培训学校有限公司","--"
"430000","湖南省","20","M9TkQCV54D2B28dla14jR370PpJ9gMv6","高一日语基础课","长沙市望城区唯优启智教育培训学校有限公司","长沙市望城区唯优启智教育培训学校有限公司","--"
"430000","湖南省","20","z9kEk792f3X9ETXEj4Pz6GPBpZ594T49","高一日语体验课","长沙市望城区唯优启智教育培训学校有限公司","长沙市望城区唯优启智教育培训学校有限公司","--"
"430000","湖南省","20","J21R6UQ0FLam6h78ft0R8B491Jo84d27","日语1","隆回县桃李源培训学校","隆回县桃李源培训学校","--"
"430000","湖南省","20","Ea42Q6LO628acw9yF4t3xwQ50uSWXS8I","日语N1考级课程","长沙高新开发区东洋外语培训学校有限公司","长沙高新开发区东洋外语培训学校有限公司","大家的日语中级1"
"430000","湖南省","20","i9F7Jmv1721965OeH1Ed55Un7ON09s10","日语考级课程","长沙高新开发区东洋外语培训学校有限公司","长沙高新开发区东洋外语培训学校有限公司","--"
"430000","湖南省","20","T57p7Ul0x6C52634428Co168xtN3T7WO","日语精品小班","长沙市岳麓区行知研语培训学校有限公司","长沙市岳麓区行知研语培训学校有限公司","大家的日语标准习题集初级1"
"430000","湖南省","20","t52e41yA978hlfA39dOD0606D8j69345","高中日语","长沙市岳麓区一鸿启航培训学校","长沙市岳麓区一鸿启航教育培训学校有限公司","--"
"430000","湖南省","20","i1i9w2780Vwosn1y00815HR10du9Nk51","高中日语","长沙市岳麓区一鸿启航培训学校","长沙市岳麓区一鸿启航教育培训学校有限公司","人教版日语教材"
"430000","湖南省","20","awF7A7T5G687v3b7Kf10Midr58EIqcc5","日语提升","隆回县桃李源培训学校","隆回县桃李源培训学校","高考日语"
"430000","湖南省","21","gHWu5D8902t5RCs3B8Y4oW9sSanTXe07","高中日语","长沙市岳麓区一鸿启航培训学校","长沙市岳麓区一鸿启航教育培训学校有限公司","人教版日语教材"
"440000","广东省","1","803a50ca56f74cd0ba50ca56f73cd033","日语培训","优见教育计星校区","茂名市茂南区优见计星教育培训中心","日语九年级全一册"
"440000","广东省","1","7953acb8604f44a293acb8604fc4a294","日语课程","陆丰市东海佑安教育培训中心","陆丰市东海佑安教育培训中心","--"
"440000","广东省","1","46c866db88e045348866db88e08534d8","高一日语","汕尾市城区粤星教育培训中心","汕尾市城区粤星教育培训中心","--"
"440000","广东省","1","3e655cd839dd444ba55cd839dde44b52","高二日语","汕尾市城区粤星教育培训中心","汕尾市城区粤星教育培训中心","新版中日交流标准日本语（第二版）初级"
"440000","广东省","1","60e8b57c925e49bca8b57c925e39bcc5","高中日语","怀集县怀城街道尚学堂教育培训中心","怀集县怀城街道尚学堂教育培训中心","新版高中日语必修一人教版"
"440000","广东省","1","bd57AV36G1037g3pi2rbhlHStZ26ZNuv","高中进阶日语1班","河源市源城区新创星教育培训中心","河源市源城区新创星教育培训中心","--"
"440000","广东省","1","Bq1pj1v2pXN6ev1lMdMK17W532q4eZA4","高中日语进阶班","河源市源城区新创星教育培训中心","河源市源城区新创星教育培训中心","--"
"440000","广东省","1","a9Y1GrmDKj4f9BI6a05pe6r18Y3rQEFc","日语基础班","优见教育计星校区","茂名市茂南区优见计星教育培训中心","--"
"440000","广东省","1","Az4u58LW1y70mJl15Uu92wCBW8T75Cw5","高三日语","汕尾市城区粤星教育培训中心","汕尾市城区粤星教育培训中心","--"
"440000","广东省","1","a04eQ9KJ30tsvIO9r811K85686134170","高中日语进阶班1","河源市源城区新创星教育培训中心","河源市源城区新创星教育培训中心","标准日本语"
"440000","广东省","2","88d8b4cc98684b8b98b4cc98683b8b13","高中日语","怀集县玖珑湾商业街58-61二楼","怀集县怀城街道智未来教育培训中心","高中日语必修一人教版"
"440000","广东省","2","ba4170525b6249358170525b62093557","高考日语VIP2班","源城区京成教育培训中心","河源市源城区京成教育培训中心","中日交流标准日本语"
"440000","广东省","2","eXB32S8W6ug4A5kT0o564Olh94P3l7vy","高中日语进阶班2","河源市源城区新创星教育培训中心","河源市源城区新创星教育培训中心","标准日本语"
"440000","广东省","2","h49h7cD453zYYZfW742qf8391O664N48","日语","陆丰市甲子镇优师教育培训中心","陆丰市甲子镇优师教育培训中心","中日交流标准日本语"
"440000","广东省","2","kaL3dI42tGXAEX7oh41OXX4xN0OYC875","高考日语课程","陆丰市东海佑安教育培训中心","陆丰市东海佑安教育培训中心","--"
"440000","广东省","2","KAV9BJ18fghFzYxBn3k00Su1Cw0Bcyz8","零基础兴趣班","优见教育计星校区","茂名市茂南区优见计星教育培训中心","日语九年级全一册"
"440000","广东省","2","K41i98789dY1G84D84Sd66t39pawF1cZ","高中日语","汕尾市城区粤星教育培训中心","汕尾市城区粤星教育培训中心","新版中日交流标准日本语（第二版）初级"
"440000","广东省","2","Hz38273N6pX01x5337828fw6u123619c","高中日语","河源市源城区新创星教育培训中心","河源市源城区新创星教育培训中心","--"
"440000","广东省","2","e9db98c9b77d4b059b98c9b77d4b058d","高考日语冲刺班","源城区京成教育培训中心","河源市源城区京成教育培训中心","--"
"440000","广东省","2","MHa2m577HeM8s9759lnMXnw6082651K9","测试","河源市源城区浩恩教育培训中心","河源市源城区浩恩教育培训中心","标准日本语"
"440000","广东省","3","m3E6hv0Sz97w6oT5A1p72n8C6KtWd1qc","考级班","优见教育计星校区","茂名市茂南区优见计星教育培训中心","日语九年级全一册"
"440000","广东省","3","mo01WeT8bxe498B1ky8mxK0O18N6Pun7","高考日语试学课","陆丰市东海佑安教育培训中心","陆丰市东海佑安教育培训中心","--"
"440000","广东省","3","myuu2ZOTgI1A129Ga73c8A6oF664B38u","高考日语1对1小课","陆丰市东海佑安教育培训中心","陆丰市东海佑安教育培训中心","--"
"440000","广东省","3","mZc7e9a9wPF4G9GBBDdOG501BUi1o3J2","高考日语","河源市源城区新创星教育培训中心","河源市源城区新创星教育培训中心","--"
"440000","广东省","3","M07Zc1hgr6za9H26zy3NGbwbFLG2y750","高中日语","河源市源城区新创星教育培训中心","河源市源城区新创星教育培训中心","标准日本语"
"440000","广东省","3","gTs832NnT9816cB9zFD2VnF33K65L0F0","高考日语精品班","源城区京成教育培训中心","河源市源城区京成教育培训中心","中日交流标准日本语"
"440000","广东省","3","NL49j971r6h5XBDcx5w19wjB40243704","基础班","优见教育计星校区","茂名市茂南区优见计星教育培训中心","日语七年级全一册"
"440000","广东省","3","n5D6AoRvC4t74tR3u8nPo30El92nuZ40","高中日语进阶班1","河源市源城区新创星教育培训中心","河源市源城区新创星教育培训中心","标准日本语"
"440000","广东省","3","M801Q40Qn4Kr0CAfghP3X59vWw0864m6","高中进阶日语班","河源市源城区新创星教育培训中心","河源市源城区新创星教育培训中心","--"
"440000","广东省","3","m817729ja5GIb5Yxk48GfDt6P89VA67l","高三日语","汕尾市城区粤星教育培训中心","汕尾市城区粤星教育培训中心","新版中日交流标准日本语（第二版）初级"
"440000","广东省","4","o5b767FmEvL4224y8I11g91q80bq8z99","日语考级","优见教育计星校区","茂名市茂南区优见计星教育培训中心","日语八年级全一册"
"440000","广东省","4","N11a95W3bpFGlq995DU54Pl6V3sMp747","高中艺术生文化生日语","广州海珠区拓鑫教育","广州海珠区拓鑫教育培训中心有限公司","全日制课程自编教材"
"440000","广东省","4","p18SZj8dAU255i9Oj1T94BfBVuH6jT78","基础班","优见教育计星校区","茂名市茂南区优见计星教育培训中心","--"
"440000","广东省","4","f05904e2a5844e489904e2a5841e4894","日语试学","河源市源城区浩恩教育培训中心","河源市源城区浩恩教育培训中心","标准日本语"
"440000","广东省","4","Fhr1oqC07830c878249J6Q9a450rPcM9","兴趣班","优见教育计星校区","茂名市茂南区优见计星教育培训中心","日语七年级全一册"
"440000","广东省","4","fQ417gZL31HH206758E2Q2toRKn7jA51","高中日语进阶班","河源市源城区新创星教育培训中心","河源市源城区新创星教育培训中心","标准日本语"
"440000","广东省","4","L06S50k2D0yTU88Eh18Gl17DY17895nv","高三日语","汕尾市城区粤星教育培训中心","汕尾市城区粤星教育培训中心","新版中日交流标准日本语（第二版）初级"
"440000","广东省","4","LD490IAZ7XzFyC14Fn65i996GJ2b3250","高考日语进阶班6","源城区京成教育培训中心","河源市源城区京成教育培训中心","中日交流标准日本语"
"440000","广东省","4","lD8IkL671H10318LZ13803f29ZR9s5zK","决胜营","广州市海珠区承明教育培训中心","广州市海珠区承明教育培训中心","学科核心素养提升用书.高中日语实用写作"
"440000","广东省","4","LbZ7w1hhOXI98Fm56HHSFg4q203RetHj","高中日语","陆丰市甲子镇优师教育培训中心","陆丰市甲子镇优师教育培训中心","中日交流标准日本语"
"440000","广东省","5","GNaWrib4P9834171fFAafz8A84512d8u","日语","河源市源城区浩恩教育培训中心","河源市源城区浩恩教育培训中心","标准日本语"
"440000","广东省","5","J3VkGYzOAPWD2iM013vh6XH83qLB8s15","高考日语进阶班4","源城区京成教育培训中心","河源市源城区京成教育培训中心","中日交流标准日本语"
"440000","广东省","5","Jc0653sax3k2wF7Gf94y1DDTc7x1je96","高中日语课程","河源市源城区新创星教育培训中心","河源市源城区新创星教育培训中心","标准日本语"
"440000","广东省","5","i9G4x6Peb7Stbr879l3D183S1h936rUC","日语入门班","优见教育计星校区","茂名市茂南区优见计星教育培训中心","--"
"440000","广东省","5","g30QzYTsA1qBVV0478lwepv8JM5vH5XT","日语基础班","优见教育计星校区","茂名市茂南区优见计星教育培训中心","--"
"440000","广东省","5","hbd8e3P69379jj08xKf2E8FN7A096v39","日语入门课","优见教育计星校区","茂名市茂南区优见计星教育培训中心","日语七年级全一册"
"440000","广东省","5","h45590017F083E27R0clE7d2tNLqfAOF","日语基础班","优见教育计星校区","茂名市茂南区优见计星教育培训中心","日语八年级全一册"
"440000","广东省","5","keF4I4HK97Lgnma880B5439dW8wG9715","日语课","陆丰市东海佑安教育培训中心","陆丰市东海佑安教育培训中心","--"
"440000","广东省","5","l86l102mN24XDq2T4473SC77orq900P1","冲刺营","广州市海珠区承明教育培训中心","广州市海珠区承明教育培训中心","--"
"440000","广东省","5","aBz4L9a9TzrG86Y6F6704eoM7z2774S7","考级班","优见教育计星校区","茂名市茂南区优见计星教育培训中心","日语九年级全一册"
"440000","广东省","6","r974891N1lU8072W1735j26V53nvL568","高考日语进阶班","源城区京成教育培训中心","河源市源城区京成教育培训中心","--"
"440000","广东省","6","Q4EZ195o5boIn3T8049U1g73dCbnq9j0","高考日语试学课","陆丰市东海佑安教育培训中心","陆丰市东海佑安教育培训中心","--"
"440000","广东省","6","QfK093r9T6d0I1s58l49A79M6Bg96d5D","高中日语","汕尾市城区粤星教育培训中心","汕尾市城区粤星教育培训中心","新版中日交流标准日本语（第二版）初级"
"440000","广东省","6","S8yzCi8D8353c0Rf2371q4Q306uNSCs5","日语","汕尾市城区粤星教育培训中心","汕尾市城区粤星教育培训中心","--"
"440000","广东省","6","qRed6Eu508Ko17ii925U9a15KG09Bcz1","高三日语","汕尾市城区粤星教育培训中心","汕尾市城区粤星教育培训中心","高考日语蓝宝书语法"
"440000","广东省","6","suK49qc8lxIq94MMF4F81t6r70ou4MhP","兴趣班","优见教育计星校区","茂名市茂南区优见计星教育培训中心","日语九年级全一册"
"440000","广东省","6","T4Ls0SM36907LMfbEve2g5ME9q47wtB3","高中进阶日语1班","河源市源城区新创星教育培训中心","河源市源城区新创星教育培训中心","标准日本语"
"440000","广东省","6","q2e6u4e5ghm031bp7Y13is8irA4mV68Z","高考日语进阶班5","源城区京成教育培训中心","河源市源城区京成教育培训中心","中日交流标准日本语"
"440000","广东省","7","K3jmc7V081iH517Q77SKVQn7rYqXT333","日语基础班","优见教育计星校区","茂名市茂南区优见计星教育培训中心","日语八年级全一册"
"440000","广东省","8","yWwJ6Lj6S579087G4Mc80x5k3OL1F2MU","日语","河源市源城区浩恩教育培训中心","河源市源城区浩恩教育培训中心","标准日本语"
"440000","广东省","8","rC2D1zMCvoT66p8nc0xJbdsRZE25b4n3","日语A","陆丰市甲子镇优师教育培训中心","陆丰市甲子镇优师教育培训中心","中日交流标准日本语"
"440000","广东省","8","rW3d7U61C654kvtP0978duF1M9I2r75E","高考日语","陆丰市东海佑安教育培训中心","陆丰市东海佑安教育培训中心","--"
"440000","广东省","8","z811O9fD5k03N3uoab3sb8m5dqz5ut83","高考日语进阶版2","源城区京成教育培训中心","河源市源城区京成教育培训中心","--"
"440000","广东省","8","z82Pt4WV0y0477G2X2l50w3872kT78cY","高考日语进阶班7","源城区京成教育培训中心","河源市源城区京成教育培训中心","--"
"440000","广东省","8","X12RTN4htJAhdrnb077TV5A495U98237","高中日语初级班","河源市源城区新创星教育培训中心","河源市源城区新创星教育培训中心","标准日本语"
"440000","广东省","8","X9d1Y0b2j49i380140142Z29cpVLv270","高考日语进阶班3","源城区京成教育培训中心","河源市源城区京成教育培训中心","中日交流标准日本语"
"440000","广东省","8","x847y7Kzcwe000W476gj6s683C7q1E6h","高中日语班","河源市源城区新创星教育培训中心","河源市源城区新创星教育培训中心","--"
"440000","广东省","8","vO9M7Mpx0m9ijJjLEy949ZKK9M7j2457","零基础兴趣班","优见教育计星校区","茂名市茂南区优见计星教育培训中心","日语七年级全一册"
"440000","广东省","9","z37qlgQX6be3p16BI78u7a7zmh10g094","高三日语","陆丰市甲子镇优师教育培训中心","陆丰市甲子镇优师教育培训中心","中日交流标准日本语"
"440000","广东省","9","Z14KG3cyds7JFlS3C547x2937GaSd214","高考日语","河源市源城区新创星教育培训中心","河源市源城区新创星教育培训中心","--"
"440000","广东省","9","gUS9439w84AK9Zy37z8dRn15R29Dky9G","日语小班","正方教育江南校区","梅州市梅江区正方教育培训中心","人教版初中日语七年级全一册"
"440000","广东省","9","Ub5O695n114Z58434NM9MQ7Q60SbQTHM","高考日语进阶班5","河源市源城区新创星教育培训中心","河源市源城区新创星教育培训中心","标准日本语"
"440000","广东省","9","aI12nLG070n9Ue6slA8M90n8HwR92CQ7","日语","陆丰市甲子镇优师教育培训中心","陆丰市甲子镇优师教育培训中心","--"
"440000","广东省","9","s869sY72132hLF68O98BCrZt45P4P752","日语入门班","优见教育计星校区","茂名市茂南区优见计星教育培训中心","日语九年级全一册"
"440000","广东省","9","P8wyyG75V2Zuz9j09F88Q9z3ozy2N7M7","高考日语进阶班9","源城区京成教育培训中心","河源市源城区京成教育培训中心","七年级全一册"
"440000","广东省","9","Ku2m7573m87Tg514m25LG996866mbVq5","高中日语初级班","陆丰市东海街道精华教育培训中心","陆丰市东海镇精华教育培训中心","标准日本语"
"440000","广东省","9","DUR3D6eh88bIA934y6654I0xAi3342UK","俄语","河源市源城区浩恩教育培训中心","河源市源城区浩恩教育培训中心","俄语"
"440000","广东省","9","z9HC1B6ZsJt6By1P6v1Y8d11C817zWeN","日语","陆丰市甲子镇优师教育培训中心","陆丰市甲子镇优师教育培训中心","--"
"440000","广东省","10","1f16c258d23d4a0a96c258d23dea0a52","高考日语","梅州市梅江区央博教育培训中心","梅州市梅江区央博教育培训中心","新版标准日本语"
"440000","广东省","10","s3gA752599776Xsd87Y40888q3lp4EQ4","先学后付高考日语","梅州市梅江区央博教育培训中心","梅州市梅江区央博教育培训中心","--"
"440000","广东省","10","z4Lc7Ac27C614Yrx8fU3p62R1CIY1873","高中日语","汕尾市城区粤星教育培训中心","汕尾市城区粤星教育培训中心","新版中日交流标准日本语（第二版）初级"
"440000","广东省","10","gAm4047n6P58jbnE6WC327O5842978mt","日语","河源市源城区浩恩教育培训中心","河源市源城区浩恩教育培训中心","标准日本语"
"440000","广东省","10","sGE5T79M05h922T3289XZvfP0L8tdRo0","精品日语小班","正方教育江南校区","梅州市梅江区正方教育培训中心","--"
"440000","广东省","10","Oj02TC2411A19ou15N807R5y8sN28L8R","精品日语小班","正方教育江南校区","梅州市梅江区正方教育培训中心","标准日本语初级上下册"
"440000","广东省","10","ktDAEKZOTLXW83bm4Ht6w45dF3f4Lf67","高中日语初级班4","河源市源城区新创星教育培训中心","河源市源城区新创星教育培训中心","标准日本语"
"440000","广东省","10","Ib2hghSxw7N36hCbrm52089Jp39P7Rwr","日语入门班","优见教育计星校区","茂名市茂南区优见计星教育培训中心","日语七年级全一册"
"440000","广东省","10","y2Ei86W8bRn1877l6Bkor7HL57dD34o4","高中日语初级班","河源市源城区新创星教育培训中心","河源市源城区新创星教育培训中心","--"
"440000","广东省","10","329873caa3aa47479873caa3aa4747bf","高一日语","陆丰市东海街道精华教育培训中心","陆丰市东海镇精华教育培训中心","标准日本语"
"440000","广东省","11","f3278d642259437ea78d642259f37eab","高三日语","陆丰市东海街道精华教育培训中心","陆丰市东海镇精华教育培训中心","标准日本语"
"440000","广东省","11","r7mC0S9f34a4R89186QYB64R8ee8O3X2","日语","陆丰市东海街道精华教育培训中心","陆丰市东海镇精华教育培训中心","--"
"440000","广东省","11","S07I323UkU37A3v6L0C6Y26Xx85KD604","高中日语班","陆丰市东海街道精华教育培训中心","陆丰市东海镇精华教育培训中心","--"
"440000","广东省","11","S1Q80xWYt422jM14KoRk6E92LArdru5K","初级日语班","陆丰市东海街道精华教育培训中心","陆丰市东海镇精华教育培训中心","--"
"440000","广东省","11","w5Z80354dQuu22n61u9W91gzqcZk42X0","日语入门班","陆丰市东海街道精华教育培训中心","陆丰市东海镇精华教育培训中心","--"
"440000","广东省","11","Ym2jW0T5af257z18m57Cm400678M5305","高中日语零基础班","陆丰市东海街道精华教育培训中心","陆丰市东海镇精华教育培训中心","--"
"440000","广东省","11","s0U6q4AZo1mgo4l6q5j86u94n70XW44J","日语","梅州市梅江区央博教育培训中心","梅州市梅江区央博教育培训中心","--"
"440000","广东省","12","iOlq6Z62B71ZT8Yjl4SpeHAN18jbh920","精品日语小班制","正方教育江南校区","梅州市梅江区正方教育培训中心","标准日本语初级上下册"
"440000","广东省","12","PLO24043487900poz18FB2ri11448V8i","高考日语进阶班8","源城区京成教育培训中心","河源市源城区京成教育培训中心","七年级全一册"
"440000","广东省","12","wgs04Hvhw693X63kH8580Xlg03ao32E2","高中日语体验课","陆丰市东海佑安教育培训中心","陆丰市东海佑安教育培训中心","--"
"440000","广东省","12","l2Ay7s67QxMY4824EUw0i3Xe8sm3RBXf","高中日语","陆丰市东海佑安教育培训中心","陆丰市东海佑安教育培训中心","标准日本语"
"440000","广东省","12","cOItXL8X6T7IulWYn7920jToejM3W75v","日语N3","陆丰市甲子镇优师教育培训中心","陆丰市甲子镇优师教育培训中心","中日交流标准日本语"
"440000","广东省","12","RWDrPQ9388a1hWz978724V93K12b1rLo","高考日语进阶班10","源城区京成教育培训中心","河源市源城区京成教育培训中心","八年级全一册"
"520000","贵州省","1","bVg2N5UO3j155352Df5t8l5u93r7kl7c","日语","关岭德才教育","关岭德才教育培训有限责任公司","日语"
"520000","贵州省","1","c83684eef15546e8b684eef15516e8f8","英语","关岭德才教育","关岭德才教育培训有限责任公司","标准日语"
"520000","贵州省","1","f8qVT7R0xD15941F663zN9167p8G22T2","日语","开发区西航路西航公寓B1栋201","安顺开发区绿晨培训学校","英语"
"520000","贵州省","1","G6q7C57C5m0FFq6zos7r1FDG79Peb69v","外语","关岭德才教育","关岭德才教育培训有限责任公司","--"
"520000","贵州省","1","Jc32ltT4A033A62C5Ff97B39e08x6zYN","高一升高二日语","关岭德才教育","关岭德才教育培训有限责任公司","--"
"520000","贵州省","1","U566299A51333U9gAyZYiTV8wm5F0n7M","高考复读日语集训","仁怀市立雪培训中心","仁怀市立雪培训中心","--"
"520000","贵州省","1","SCfz40XZ10DBT1EzZbgo76L9CH7qb73N","高三日语甲","关岭德才教育","关岭德才教育培训有限责任公司","--"
"520000","贵州省","1","vDO00J3x4W6bB05NR6o1l7935C59n463","高二日语","贵阳市花溪区溪北街道办溪北路麒龙溪园生洲阁一层4-5号","贵阳市花溪区外国语培训学校","--"
"520000","贵州省","1","h9KJ12765lLv1W2i73w47LxSV4LYh8Q0","日语","仁怀市鲁班大道尚礼社区幸福花园小区","仁怀市立雪培训中心","华东理工大学出版社"
"520000","贵州省","1","RSe63w4BUO03z66756z998F549sC35r2","高一日语","贵阳市花溪区溪北街道办溪北路麒龙溪园生洲阁一层4-5号","贵阳市花溪区外国语培训学校","--"
"520000","贵州省","2","x0x5d176yE4waK691BOW6ae1822fG5u7","高三日语","贵阳市花溪区溪北街道办溪北路麒龙溪园生洲阁一层4-5号","贵阳市花溪区外国语培训学校","--"
"520000","贵州省","2","yd682n4e546992043O4YQGT976T9E97v","高中外语集训","仁怀市立雪培训中心","仁怀市立雪培训中心","华东理工大学出版社"
"610000","陕西省","1","f224e8b3d7864f71a4e8b3d786bf719e","标准日本语","汉台区见山学科类培训学校","汉台区见山学科类培训学校","--"
"610000","陕西省","1","f9M2o74FM5dE794RX136NR93j5b453Q4","高中日语","汉台区见山学科类培训学校","汉台区见山学科类培训学校","--"
"610000","陕西省","1","i7ibDJ7Dw978m70W2X29Ub731zR7lvU7","高中日语","汉台区见山学科类培训学校","汉台区见山学科类培训学校","--"
"610000","陕西省","1","je8c01hcj5S73371lt2qI6aYw4Je3p31","高中日语","汉台区见山学科类培训学校","汉台区见山学科类培训学校","--"
"610000","陕西省","1","rBtI7G86WS2t5H57g3s74d202156626a","高中日语","汉台区见山学科类培训学校","汉台区见山学科类培训学校","--"
"610000","陕西省","1","wmNpri51vq6um6p3J77La12QHps8467K","高中日语","汉台区见山学科类培训学校","汉台区见山学科类培训学校","--"
"610000","陕西省","1","AR3T1g6HJ612M986tw12H120DCE9d241","高中日语","汉台区见山学科类培训学校","汉台区见山学科类培训学校","标准日本语"
"610000","陕西省","1","VLO216IRAa045MvR2m2x174ij9053q3o","高中日语","汉台区见山学科类培训学校","汉台区见山学科类培训学校","--"
"610000","陕西省","1","Xmu9U9A462c63rc21T4E08584667CJ66","高中日语","勉县唐旭东教育培训学校","勉县唐旭东教育培训学校","新版 中日交流 标准日本语  初级（上）"
"610000","陕西省","1","MCW7teU398K26j47k04Dw347du9G51dI","高中日语","汉台区见山学科类培训学校","汉台区见山学科类培训学校","--"
